PRAGMA foreign_keys=OFF;
BEGIN TRANSACTION;
CREATE TABLE IF NOT EXISTS "django_migrations" ("id" integer NOT NULL PRIMARY KEY AUTOINCREMENT, "app" varchar(255) NOT NULL, "name" varchar(255) NOT NULL, "applied" datetime NOT NULL);
INSERT INTO django_migrations VALUES(1,'contenttypes','0001_initial','2018-02-28 02:25:11.849537');
INSERT INTO django_migrations VALUES(2,'auth','0001_initial','2018-02-28 02:25:11.868408');
INSERT INTO django_migrations VALUES(3,'admin','0001_initial','2018-02-28 02:25:11.879689');
INSERT INTO django_migrations VALUES(4,'admin','0002_logentry_remove_auto_add','2018-02-28 02:25:11.891700');
INSERT INTO django_migrations VALUES(5,'contenttypes','0002_remove_content_type_name','2018-02-28 02:25:11.912431');
INSERT INTO django_migrations VALUES(6,'auth','0002_alter_permission_name_max_length','2018-02-28 02:25:11.919710');
INSERT INTO django_migrations VALUES(7,'auth','0003_alter_user_email_max_length','2018-02-28 02:25:11.933144');
INSERT INTO django_migrations VALUES(8,'auth','0004_alter_user_username_opts','2018-02-28 02:25:11.945286');
INSERT INTO django_migrations VALUES(9,'auth','0005_alter_user_last_login_null','2018-02-28 02:25:11.955711');
INSERT INTO django_migrations VALUES(10,'auth','0006_require_contenttypes_0002','2018-02-28 02:25:11.957426');
INSERT INTO django_migrations VALUES(11,'auth','0007_alter_validators_add_error_messages','2018-02-28 02:25:11.968205');
INSERT INTO django_migrations VALUES(12,'auth','0008_alter_user_username_max_length','2018-02-28 02:25:11.978812');
INSERT INTO django_migrations VALUES(13,'turfs','0001_initial','2018-02-28 02:25:11.992515');
INSERT INTO django_migrations VALUES(14,'turfs','0002_auto_20180206_2046','2018-02-28 02:25:11.998199');
INSERT INTO django_migrations VALUES(15,'courses','0001_initial','2018-02-28 02:25:12.114873');
INSERT INTO django_migrations VALUES(16,'courses','0002_auto_20180206_2046','2018-02-28 02:25:12.259732');
INSERT INTO django_migrations VALUES(17,'courses','0003_auto_20180219_1710','2018-02-28 02:25:12.555113');
INSERT INTO django_migrations VALUES(18,'courses','0004_auto_20180227_2015','2018-02-28 02:25:12.567964');
INSERT INTO django_migrations VALUES(19,'courses','0005_auto_20180227_2023','2018-02-28 02:25:12.635592');
INSERT INTO django_migrations VALUES(20,'fertilizing','0001_initial','2018-02-28 02:25:12.719558');
INSERT INTO django_migrations VALUES(21,'fertilizing','0002_auto_20180219_0332','2018-02-28 02:25:12.762071');
INSERT INTO django_migrations VALUES(22,'fertilizing','0003_auto_20180220_1859','2018-02-28 02:25:12.795861');
INSERT INTO django_migrations VALUES(23,'fertilizing','0004_auto_20180227_1324','2018-02-28 02:25:12.808601');
INSERT INTO django_migrations VALUES(24,'fertilizing','0005_auto_20180227_1336','2018-02-28 02:25:12.815731');
INSERT INTO django_migrations VALUES(25,'irrigation','0001_initial','2018-02-28 02:25:12.937258');
INSERT INTO django_migrations VALUES(26,'irrigation','0002_auto_20180206_2046','2018-02-28 02:25:12.942501');
INSERT INTO django_migrations VALUES(27,'irrigation','0003_auto_20180206_2158','2018-02-28 02:25:13.160034');
INSERT INTO django_migrations VALUES(28,'irrigation','0004_auto_20180206_2203','2018-02-28 02:25:13.180048');
INSERT INTO django_migrations VALUES(29,'irrigation','0005_auto_20180207_1214','2018-02-28 02:25:13.194263');
INSERT INTO django_migrations VALUES(30,'irrigation','0006_auto_20180219_0332','2018-02-28 02:25:13.285938');
INSERT INTO django_migrations VALUES(31,'irrigation','0007_auto_20180227_1515','2018-02-28 02:25:13.300786');
INSERT INTO django_migrations VALUES(32,'irrigation','0008_auto_20180227_1444','2018-02-28 02:25:13.312768');
INSERT INTO django_migrations VALUES(33,'irrigation','0009_sprinklerhead_hole','2018-02-28 02:25:13.333271');
INSERT INTO django_migrations VALUES(34,'parts','0001_initial','2018-02-28 02:25:13.350710');
INSERT INTO django_migrations VALUES(35,'machines','0001_initial','2018-02-28 02:25:13.556354');
INSERT INTO django_migrations VALUES(36,'machines','0002_auto_20180207_1219','2018-02-28 02:25:13.577756');
INSERT INTO django_migrations VALUES(37,'machines','0003_auto_20180207_1221','2018-02-28 02:25:13.723195');
INSERT INTO django_migrations VALUES(38,'machines','0004_auto_20180207_1226','2018-02-28 02:25:13.759173');
INSERT INTO django_migrations VALUES(39,'machines','0005_auto_20180207_1236','2018-02-28 02:25:13.828775');
INSERT INTO django_migrations VALUES(40,'machines','0006_fertspreader','2018-02-28 02:25:13.834499');
INSERT INTO django_migrations VALUES(41,'machines','0007_auto_20180227_1458','2018-02-28 02:25:13.876396');
INSERT INTO django_migrations VALUES(42,'machines','0008_auto_20180227_1513','2018-02-28 02:25:13.990735');
INSERT INTO django_migrations VALUES(43,'mowing','0001_initial','2018-02-28 02:25:14.150051');
INSERT INTO django_migrations VALUES(44,'mowing','0002_auto_20180207_1242','2018-02-28 02:25:14.166212');
INSERT INTO django_migrations VALUES(45,'parts','0002_auto_20180207_0149','2018-02-28 02:25:14.192566');
INSERT INTO django_migrations VALUES(46,'parts','0003_auto_20180207_1214','2018-02-28 02:25:14.218627');
INSERT INTO django_migrations VALUES(47,'rolling','0001_initial','2018-02-28 02:25:14.457919');
INSERT INTO django_migrations VALUES(48,'sessions','0001_initial','2018-02-28 02:25:14.464856');
INSERT INTO django_migrations VALUES(49,'courses','0006_auto_20180228_1324','2018-02-28 19:25:58.260292');
INSERT INTO django_migrations VALUES(50,'fertilizing','0006_auto_20180228_1324','2018-02-28 19:25:58.288531');
INSERT INTO django_migrations VALUES(51,'irrigation','0010_auto_20180228_1324','2018-02-28 19:25:58.433884');
INSERT INTO django_migrations VALUES(52,'machines','0009_auto_20180228_1324','2018-02-28 19:25:58.482746');
INSERT INTO django_migrations VALUES(53,'mowing','0003_auto_20180228_1324','2018-02-28 19:25:58.512341');
INSERT INTO django_migrations VALUES(54,'parts','0004_auto_20180228_1324','2018-02-28 19:25:58.541545');
INSERT INTO django_migrations VALUES(55,'rolling','0002_auto_20180228_1324','2018-02-28 19:25:58.580428');
INSERT INTO django_migrations VALUES(56,'turfs','0003_auto_20180228_1324','2018-02-28 19:25:58.633048');
CREATE TABLE IF NOT EXISTS "auth_group" ("id" integer NOT NULL PRIMARY KEY AUTOINCREMENT, "name" varchar(80) NOT NULL UNIQUE);
INSERT INTO auth_group VALUES(1,'mechanical');
INSERT INTO auth_group VALUES(2,'first');
INSERT INTO auth_group VALUES(3,'crew');
CREATE TABLE IF NOT EXISTS "auth_group_permissions" ("id" integer NOT NULL PRIMARY KEY AUTOINCREMENT, "group_id" integer NOT NULL REFERENCES "auth_group" ("id"), "permission_id" integer NOT NULL REFERENCES "auth_permission" ("id"));
INSERT INTO auth_group_permissions VALUES(1,1,128);
INSERT INTO auth_group_permissions VALUES(2,1,129);
INSERT INTO auth_group_permissions VALUES(3,1,130);
INSERT INTO auth_group_permissions VALUES(4,1,131);
INSERT INTO auth_group_permissions VALUES(5,1,132);
INSERT INTO auth_group_permissions VALUES(6,1,76);
INSERT INTO auth_group_permissions VALUES(7,1,77);
INSERT INTO auth_group_permissions VALUES(8,1,78);
INSERT INTO auth_group_permissions VALUES(9,1,79);
INSERT INTO auth_group_permissions VALUES(10,1,80);
INSERT INTO auth_group_permissions VALUES(11,1,81);
INSERT INTO auth_group_permissions VALUES(12,1,82);
INSERT INTO auth_group_permissions VALUES(13,1,83);
INSERT INTO auth_group_permissions VALUES(14,1,84);
INSERT INTO auth_group_permissions VALUES(15,1,85);
INSERT INTO auth_group_permissions VALUES(16,1,86);
INSERT INTO auth_group_permissions VALUES(17,1,87);
INSERT INTO auth_group_permissions VALUES(18,1,88);
INSERT INTO auth_group_permissions VALUES(19,1,89);
INSERT INTO auth_group_permissions VALUES(20,1,90);
INSERT INTO auth_group_permissions VALUES(21,1,91);
INSERT INTO auth_group_permissions VALUES(22,1,92);
INSERT INTO auth_group_permissions VALUES(23,1,93);
INSERT INTO auth_group_permissions VALUES(24,1,94);
INSERT INTO auth_group_permissions VALUES(25,1,95);
INSERT INTO auth_group_permissions VALUES(26,1,96);
INSERT INTO auth_group_permissions VALUES(27,1,97);
INSERT INTO auth_group_permissions VALUES(28,1,98);
INSERT INTO auth_group_permissions VALUES(29,1,99);
INSERT INTO auth_group_permissions VALUES(30,1,100);
INSERT INTO auth_group_permissions VALUES(31,1,101);
INSERT INTO auth_group_permissions VALUES(32,1,102);
INSERT INTO auth_group_permissions VALUES(33,1,103);
INSERT INTO auth_group_permissions VALUES(34,1,104);
INSERT INTO auth_group_permissions VALUES(35,1,105);
INSERT INTO auth_group_permissions VALUES(36,1,106);
INSERT INTO auth_group_permissions VALUES(37,1,107);
INSERT INTO auth_group_permissions VALUES(38,1,108);
INSERT INTO auth_group_permissions VALUES(39,1,109);
INSERT INTO auth_group_permissions VALUES(40,1,110);
INSERT INTO auth_group_permissions VALUES(41,1,111);
INSERT INTO auth_group_permissions VALUES(42,1,112);
INSERT INTO auth_group_permissions VALUES(43,1,113);
INSERT INTO auth_group_permissions VALUES(44,1,114);
INSERT INTO auth_group_permissions VALUES(45,1,115);
INSERT INTO auth_group_permissions VALUES(46,1,116);
INSERT INTO auth_group_permissions VALUES(47,1,117);
INSERT INTO auth_group_permissions VALUES(48,1,118);
INSERT INTO auth_group_permissions VALUES(49,1,119);
INSERT INTO auth_group_permissions VALUES(50,1,120);
INSERT INTO auth_group_permissions VALUES(51,1,121);
INSERT INTO auth_group_permissions VALUES(52,1,122);
INSERT INTO auth_group_permissions VALUES(53,1,123);
INSERT INTO auth_group_permissions VALUES(54,1,124);
INSERT INTO auth_group_permissions VALUES(55,1,125);
INSERT INTO auth_group_permissions VALUES(56,1,126);
INSERT INTO auth_group_permissions VALUES(57,1,127);
INSERT INTO auth_group_permissions VALUES(58,2,16);
INSERT INTO auth_group_permissions VALUES(59,2,17);
INSERT INTO auth_group_permissions VALUES(60,2,18);
INSERT INTO auth_group_permissions VALUES(61,2,19);
INSERT INTO auth_group_permissions VALUES(62,2,20);
INSERT INTO auth_group_permissions VALUES(63,2,21);
INSERT INTO auth_group_permissions VALUES(64,2,22);
INSERT INTO auth_group_permissions VALUES(65,2,23);
INSERT INTO auth_group_permissions VALUES(66,2,24);
INSERT INTO auth_group_permissions VALUES(67,2,25);
INSERT INTO auth_group_permissions VALUES(68,2,26);
INSERT INTO auth_group_permissions VALUES(69,2,27);
INSERT INTO auth_group_permissions VALUES(70,2,28);
INSERT INTO auth_group_permissions VALUES(71,2,29);
INSERT INTO auth_group_permissions VALUES(72,2,30);
INSERT INTO auth_group_permissions VALUES(73,2,58);
INSERT INTO auth_group_permissions VALUES(74,2,59);
INSERT INTO auth_group_permissions VALUES(75,2,60);
INSERT INTO auth_group_permissions VALUES(76,2,61);
INSERT INTO auth_group_permissions VALUES(77,2,62);
INSERT INTO auth_group_permissions VALUES(78,2,63);
INSERT INTO auth_group_permissions VALUES(79,2,64);
INSERT INTO auth_group_permissions VALUES(80,2,65);
INSERT INTO auth_group_permissions VALUES(81,2,66);
INSERT INTO auth_group_permissions VALUES(82,2,67);
INSERT INTO auth_group_permissions VALUES(83,2,68);
INSERT INTO auth_group_permissions VALUES(84,2,69);
INSERT INTO auth_group_permissions VALUES(85,2,70);
INSERT INTO auth_group_permissions VALUES(86,2,71);
INSERT INTO auth_group_permissions VALUES(87,2,72);
INSERT INTO auth_group_permissions VALUES(88,2,73);
INSERT INTO auth_group_permissions VALUES(89,2,74);
INSERT INTO auth_group_permissions VALUES(90,2,75);
INSERT INTO auth_group_permissions VALUES(91,2,76);
INSERT INTO auth_group_permissions VALUES(92,2,77);
INSERT INTO auth_group_permissions VALUES(93,2,78);
INSERT INTO auth_group_permissions VALUES(94,2,79);
INSERT INTO auth_group_permissions VALUES(95,2,80);
INSERT INTO auth_group_permissions VALUES(96,2,81);
INSERT INTO auth_group_permissions VALUES(97,2,82);
INSERT INTO auth_group_permissions VALUES(98,2,83);
INSERT INTO auth_group_permissions VALUES(99,2,84);
INSERT INTO auth_group_permissions VALUES(100,2,85);
INSERT INTO auth_group_permissions VALUES(101,2,86);
INSERT INTO auth_group_permissions VALUES(102,2,87);
INSERT INTO auth_group_permissions VALUES(103,2,88);
INSERT INTO auth_group_permissions VALUES(104,2,89);
INSERT INTO auth_group_permissions VALUES(105,2,90);
INSERT INTO auth_group_permissions VALUES(106,2,91);
INSERT INTO auth_group_permissions VALUES(107,2,92);
INSERT INTO auth_group_permissions VALUES(108,2,93);
INSERT INTO auth_group_permissions VALUES(109,2,94);
INSERT INTO auth_group_permissions VALUES(110,2,95);
INSERT INTO auth_group_permissions VALUES(111,2,96);
INSERT INTO auth_group_permissions VALUES(112,2,97);
INSERT INTO auth_group_permissions VALUES(113,2,98);
INSERT INTO auth_group_permissions VALUES(114,2,99);
INSERT INTO auth_group_permissions VALUES(115,2,100);
INSERT INTO auth_group_permissions VALUES(116,2,101);
INSERT INTO auth_group_permissions VALUES(117,2,102);
INSERT INTO auth_group_permissions VALUES(118,2,103);
INSERT INTO auth_group_permissions VALUES(119,2,104);
INSERT INTO auth_group_permissions VALUES(120,2,105);
INSERT INTO auth_group_permissions VALUES(121,2,106);
INSERT INTO auth_group_permissions VALUES(122,2,107);
INSERT INTO auth_group_permissions VALUES(123,2,108);
INSERT INTO auth_group_permissions VALUES(124,2,109);
INSERT INTO auth_group_permissions VALUES(125,2,110);
INSERT INTO auth_group_permissions VALUES(126,2,111);
INSERT INTO auth_group_permissions VALUES(127,2,112);
INSERT INTO auth_group_permissions VALUES(128,2,113);
INSERT INTO auth_group_permissions VALUES(129,2,114);
INSERT INTO auth_group_permissions VALUES(130,2,115);
INSERT INTO auth_group_permissions VALUES(131,2,116);
INSERT INTO auth_group_permissions VALUES(132,2,117);
INSERT INTO auth_group_permissions VALUES(133,2,118);
INSERT INTO auth_group_permissions VALUES(134,2,119);
INSERT INTO auth_group_permissions VALUES(135,2,120);
INSERT INTO auth_group_permissions VALUES(136,2,121);
INSERT INTO auth_group_permissions VALUES(137,2,122);
INSERT INTO auth_group_permissions VALUES(138,2,123);
INSERT INTO auth_group_permissions VALUES(139,2,124);
INSERT INTO auth_group_permissions VALUES(140,2,125);
INSERT INTO auth_group_permissions VALUES(141,2,126);
INSERT INTO auth_group_permissions VALUES(142,2,127);
INSERT INTO auth_group_permissions VALUES(143,2,128);
INSERT INTO auth_group_permissions VALUES(144,2,129);
INSERT INTO auth_group_permissions VALUES(145,2,130);
INSERT INTO auth_group_permissions VALUES(146,2,131);
INSERT INTO auth_group_permissions VALUES(147,2,132);
INSERT INTO auth_group_permissions VALUES(148,2,133);
INSERT INTO auth_group_permissions VALUES(149,2,134);
INSERT INTO auth_group_permissions VALUES(150,2,135);
INSERT INTO auth_group_permissions VALUES(151,2,136);
INSERT INTO auth_group_permissions VALUES(152,2,137);
INSERT INTO auth_group_permissions VALUES(153,2,138);
INSERT INTO auth_group_permissions VALUES(154,2,139);
INSERT INTO auth_group_permissions VALUES(155,2,140);
INSERT INTO auth_group_permissions VALUES(156,2,141);
INSERT INTO auth_group_permissions VALUES(157,2,142);
INSERT INTO auth_group_permissions VALUES(158,2,143);
INSERT INTO auth_group_permissions VALUES(159,2,144);
INSERT INTO auth_group_permissions VALUES(160,2,145);
INSERT INTO auth_group_permissions VALUES(161,2,146);
INSERT INTO auth_group_permissions VALUES(162,2,147);
INSERT INTO auth_group_permissions VALUES(163,2,148);
INSERT INTO auth_group_permissions VALUES(164,2,149);
INSERT INTO auth_group_permissions VALUES(165,2,150);
INSERT INTO auth_group_permissions VALUES(166,2,151);
INSERT INTO auth_group_permissions VALUES(167,2,152);
INSERT INTO auth_group_permissions VALUES(168,2,153);
INSERT INTO auth_group_permissions VALUES(169,2,154);
INSERT INTO auth_group_permissions VALUES(170,2,155);
INSERT INTO auth_group_permissions VALUES(171,2,156);
INSERT INTO auth_group_permissions VALUES(172,2,157);
INSERT INTO auth_group_permissions VALUES(173,2,158);
INSERT INTO auth_group_permissions VALUES(174,2,159);
INSERT INTO auth_group_permissions VALUES(175,2,160);
INSERT INTO auth_group_permissions VALUES(176,2,161);
INSERT INTO auth_group_permissions VALUES(177,2,162);
INSERT INTO auth_group_permissions VALUES(178,2,163);
INSERT INTO auth_group_permissions VALUES(179,2,164);
INSERT INTO auth_group_permissions VALUES(180,2,165);
INSERT INTO auth_group_permissions VALUES(181,2,166);
INSERT INTO auth_group_permissions VALUES(182,2,167);
INSERT INTO auth_group_permissions VALUES(183,2,168);
INSERT INTO auth_group_permissions VALUES(184,2,169);
INSERT INTO auth_group_permissions VALUES(185,2,170);
INSERT INTO auth_group_permissions VALUES(186,2,171);
INSERT INTO auth_group_permissions VALUES(187,2,172);
INSERT INTO auth_group_permissions VALUES(188,2,173);
INSERT INTO auth_group_permissions VALUES(189,2,174);
INSERT INTO auth_group_permissions VALUES(190,2,175);
INSERT INTO auth_group_permissions VALUES(191,2,176);
INSERT INTO auth_group_permissions VALUES(192,2,177);
INSERT INTO auth_group_permissions VALUES(193,3,133);
INSERT INTO auth_group_permissions VALUES(194,3,134);
INSERT INTO auth_group_permissions VALUES(195,3,136);
INSERT INTO auth_group_permissions VALUES(196,3,137);
INSERT INTO auth_group_permissions VALUES(197,3,139);
INSERT INTO auth_group_permissions VALUES(198,3,140);
INSERT INTO auth_group_permissions VALUES(199,3,142);
INSERT INTO auth_group_permissions VALUES(200,3,143);
INSERT INTO auth_group_permissions VALUES(201,3,145);
INSERT INTO auth_group_permissions VALUES(202,3,146);
INSERT INTO auth_group_permissions VALUES(203,3,148);
INSERT INTO auth_group_permissions VALUES(204,3,149);
INSERT INTO auth_group_permissions VALUES(205,3,151);
INSERT INTO auth_group_permissions VALUES(206,3,152);
INSERT INTO auth_group_permissions VALUES(207,3,154);
INSERT INTO auth_group_permissions VALUES(208,3,155);
INSERT INTO auth_group_permissions VALUES(209,3,157);
INSERT INTO auth_group_permissions VALUES(210,3,158);
CREATE TABLE IF NOT EXISTS "auth_user_groups" ("id" integer NOT NULL PRIMARY KEY AUTOINCREMENT, "user_id" integer NOT NULL REFERENCES "auth_user" ("id"), "group_id" integer NOT NULL REFERENCES "auth_group" ("id"));
INSERT INTO auth_user_groups VALUES(1,1,2);
INSERT INTO auth_user_groups VALUES(2,2,1);
INSERT INTO auth_user_groups VALUES(3,2,2);
INSERT INTO auth_user_groups VALUES(4,3,1);
INSERT INTO auth_user_groups VALUES(5,3,2);
CREATE TABLE IF NOT EXISTS "auth_user_user_permissions" ("id" integer NOT NULL PRIMARY KEY AUTOINCREMENT, "user_id" integer NOT NULL REFERENCES "auth_user" ("id"), "permission_id" integer NOT NULL REFERENCES "auth_permission" ("id"));
CREATE TABLE IF NOT EXISTS "django_admin_log" ("id" integer NOT NULL PRIMARY KEY AUTOINCREMENT, "object_id" text NULL, "object_repr" varchar(200) NOT NULL, "action_flag" smallint unsigned NOT NULL, "change_message" text NOT NULL, "content_type_id" integer NULL REFERENCES "django_content_type" ("id"), "user_id" integer NOT NULL REFERENCES "auth_user" ("id"), "action_time" datetime NOT NULL);
INSERT INTO django_admin_log VALUES(1,'1','Woods',1,'[{"added": {}}]',13,1,'2018-02-28 02:27:40.844849');
INSERT INTO django_admin_log VALUES(2,'2','Practice',1,'[{"added": {}}]',13,1,'2018-02-28 02:27:45.532523');
INSERT INTO django_admin_log VALUES(3,'3','Range',1,'[{"added": {}}]',13,1,'2018-02-28 02:27:48.735170');
INSERT INTO django_admin_log VALUES(4,'1','Woods, hole 1',1,'[{"added": {}}]',16,1,'2018-02-28 02:28:06.436699');
INSERT INTO django_admin_log VALUES(5,'2','Woods, hole 2',1,'[{"added": {}}]',16,1,'2018-02-28 02:28:15.621062');
INSERT INTO django_admin_log VALUES(6,'3','Woods, hole 3',1,'[{"added": {}}]',16,1,'2018-02-28 02:28:24.346392');
INSERT INTO django_admin_log VALUES(7,'4','Practice, hole 0',1,'[{"added": {}}]',16,1,'2018-02-28 02:28:37.921900');
INSERT INTO django_admin_log VALUES(8,'5','Range, hole 0',1,'[{"added": {}}]',16,1,'2018-02-28 02:28:46.611294');
INSERT INTO django_admin_log VALUES(9,'1','native',1,'[{"added": {}}]',8,1,'2018-02-28 02:29:15.722615');
INSERT INTO django_admin_log VALUES(10,'1','bentgrass (Agrostis)',1,'[{"added": {}}]',9,1,'2018-02-28 02:29:40.402384');
INSERT INTO django_admin_log VALUES(11,'1','creeping bentgrass (Agrostis stolonifera)',1,'[{"added": {}}]',10,1,'2018-02-28 02:29:41.976600');
INSERT INTO django_admin_log VALUES(12,'1','Penncross (creeping bentgrass (Agrostis stolonifera))',1,'[{"added": {}}]',7,1,'2018-02-28 02:29:52.601150');
INSERT INTO django_admin_log VALUES(13,'1','Woods, hole 1 tee',1,'[{"added": {}}]',18,1,'2018-02-28 02:29:59.330699');
INSERT INTO django_admin_log VALUES(14,'2','sand-based',1,'[{"added": {}}]',8,1,'2018-02-28 02:30:14.636376');
INSERT INTO django_admin_log VALUES(15,'2','Woods, hole 2 tee',1,'[{"added": {}}]',18,1,'2018-02-28 02:30:22.443492');
INSERT INTO django_admin_log VALUES(16,'3','Woods, hole 3 tee',1,'[{"added": {}}]',18,1,'2018-02-28 02:30:34.867972');
INSERT INTO django_admin_log VALUES(17,'4','Range, hole 0 tee',1,'[{"added": {}}]',18,1,'2018-02-28 02:30:44.293092');
INSERT INTO django_admin_log VALUES(18,'5','Woods, hole 1 fairway',1,'[{"added": {}}]',14,1,'2018-02-28 02:31:13.298419');
INSERT INTO django_admin_log VALUES(19,'6','Woods, hole 2 fairway',1,'[{"added": {}}]',14,1,'2018-02-28 02:31:21.198480');
INSERT INTO django_admin_log VALUES(20,'7','Woods, hole 3 fairway',1,'[{"added": {}}]',14,1,'2018-02-28 02:31:30.715769');
INSERT INTO django_admin_log VALUES(21,'8','Woods, hole 1 green',1,'[{"added": {}}]',15,1,'2018-02-28 02:31:57.632365');
INSERT INTO django_admin_log VALUES(22,'9','Woods, hole 2 green',1,'[{"added": {}}]',15,1,'2018-02-28 02:32:11.532550');
INSERT INTO django_admin_log VALUES(23,'10','Woods, hole 3 green',1,'[{"added": {}}]',15,1,'2018-02-28 02:32:22.622357');
INSERT INTO django_admin_log VALUES(24,'11','Practice, hole 0 green',1,'[{"added": {}}]',15,1,'2018-02-28 02:32:36.127226');
INSERT INTO django_admin_log VALUES(25,'2','bluegrass (Poa)',1,'[{"added": {}}]',9,1,'2018-02-28 02:33:08.725785');
INSERT INTO django_admin_log VALUES(26,'2','Kentucky bluegrass (Poa pratensis)',1,'[{"added": {}}]',10,1,'2018-02-28 02:33:11.060273');
INSERT INTO django_admin_log VALUES(27,'12','Woods, hole 1 rough',1,'[{"added": {}}]',17,1,'2018-02-28 02:33:19.105641');
INSERT INTO django_admin_log VALUES(28,'13','Woods, hole 2 rough',1,'[{"added": {}}]',17,1,'2018-02-28 02:33:29.293051');
INSERT INTO django_admin_log VALUES(29,'14','Woods, hole 3 rough',1,'[{"added": {}}]',17,1,'2018-02-28 02:33:40.405206');
INSERT INTO django_admin_log VALUES(30,'1','greenside left - first',1,'[{"added": {}}]',12,1,'2018-02-28 02:33:52.742480');
INSERT INTO django_admin_log VALUES(31,'2','greenside left - second',1,'[{"added": {}}]',12,1,'2018-02-28 02:33:57.377837');
INSERT INTO django_admin_log VALUES(32,'3','greenside right - first',1,'[{"added": {}}]',12,1,'2018-02-28 02:34:01.333886');
INSERT INTO django_admin_log VALUES(33,'4','greenside right - second',1,'[{"added": {}}]',12,1,'2018-02-28 02:34:06.019130');
INSERT INTO django_admin_log VALUES(34,'5','fairway left - first',1,'[{"added": {}}]',12,1,'2018-02-28 02:34:09.851675');
INSERT INTO django_admin_log VALUES(35,'6','fairway left -second',1,'[{"added": {}}]',12,1,'2018-02-28 02:34:13.695113');
INSERT INTO django_admin_log VALUES(36,'7','fairway right - first',1,'[{"added": {}}]',12,1,'2018-02-28 02:34:16.271738');
INSERT INTO django_admin_log VALUES(37,'8','fairway right - second',1,'[{"added": {}}]',12,1,'2018-02-28 02:34:19.550110');
INSERT INTO django_admin_log VALUES(38,'1','Woods, hole 1 fairway right - first bunker',1,'[{"added": {}}]',11,1,'2018-02-28 02:34:35.134477');
INSERT INTO django_admin_log VALUES(39,'2','Woods, hole 1 greenside right - first bunker',1,'[{"added": {}}]',11,1,'2018-02-28 02:34:44.413949');
INSERT INTO django_admin_log VALUES(40,'3','Woods, hole 1 greenside right - second bunker',1,'[{"added": {}}]',11,1,'2018-02-28 02:34:49.702052');
INSERT INTO django_admin_log VALUES(41,'4','Woods, hole 2 greenside left - first bunker',1,'[{"added": {}}]',11,1,'2018-02-28 02:34:56.642657');
INSERT INTO django_admin_log VALUES(42,'5','Woods, hole 2 greenside right - first bunker',1,'[{"added": {}}]',11,1,'2018-02-28 02:35:01.275950');
INSERT INTO django_admin_log VALUES(43,'6','Woods, hole 3 fairway left - first bunker',1,'[{"added": {}}]',11,1,'2018-02-28 02:35:13.916195');
INSERT INTO django_admin_log VALUES(44,'7','Woods, hole 3 fairway left -second bunker',1,'[{"added": {}}]',11,1,'2018-02-28 02:35:18.887371');
INSERT INTO django_admin_log VALUES(45,'8','Woods, hole 3 greenside right - first bunker',1,'[{"added": {}}]',11,1,'2018-02-28 02:35:26.730044');
INSERT INTO django_admin_log VALUES(46,'1','Reinders 22-0-22',1,'[{"added": {}}]',54,1,'2018-02-28 02:36:14.997851');
INSERT INTO django_admin_log VALUES(47,'2','Reinders 14-0-7',1,'[{"added": {}}]',54,1,'2018-02-28 02:36:38.902968');
INSERT INTO django_admin_log VALUES(48,'3','Lesco 8-0-15',1,'[{"added": {}}]',54,1,'2018-02-28 02:37:04.521284');
INSERT INTO django_admin_log VALUES(49,'1','GreensFert object',1,'[{"added": {}}]',57,1,'2018-02-28 02:37:33.565109');
INSERT INTO django_admin_log VALUES(50,'2','GreensFert object',1,'[{"added": {}}]',57,1,'2018-02-28 02:37:45.530687');
INSERT INTO django_admin_log VALUES(51,'3','TeeFert object',1,'[{"added": {}}]',59,1,'2018-02-28 02:38:07.622280');
INSERT INTO django_admin_log VALUES(52,'1','RickMower 1',1,'[{"added": {}}]',36,1,'2018-02-28 02:42:36.817463');
INSERT INTO django_admin_log VALUES(53,'1','GreensMowing object',1,'[{"added": {}}]',47,1,'2018-02-28 02:42:41.582568');
INSERT INTO django_admin_log VALUES(54,'2','RickMower 2',1,'[{"added": {}}]',36,1,'2018-02-28 02:43:24.181936');
INSERT INTO django_admin_log VALUES(55,'2','GreensMowing object',1,'[{"added": {}}]',47,1,'2018-02-28 02:43:30.686617');
INSERT INTO django_admin_log VALUES(56,'3','TeeBeast 1',1,'[{"added": {}}]',38,1,'2018-02-28 02:49:40.357954');
INSERT INTO django_admin_log VALUES(57,'3','TeeMowing object',1,'[{"added": {}}]',49,1,'2018-02-28 02:49:44.275646');
INSERT INTO django_admin_log VALUES(58,'4','TeeBeast Plus 2',1,'[{"added": {}}]',38,1,'2018-02-28 02:50:29.209436');
INSERT INTO django_admin_log VALUES(59,'4','TeeMowing object',1,'[{"added": {}}]',49,1,'2018-02-28 02:50:31.596311');
INSERT INTO django_admin_log VALUES(60,'4','TeeMowing object',2,'[]',49,1,'2018-02-28 02:52:16.491408');
INSERT INTO django_admin_log VALUES(61,'5','RickRoller 1',1,'[{"added": {}}]',30,1,'2018-02-28 03:03:36.938379');
INSERT INTO django_admin_log VALUES(62,'1','GreensRolling object',1,'[{"added": {}}]',52,1,'2018-02-28 03:03:47.268127');
INSERT INTO django_admin_log VALUES(63,'6','RickRoller 2',1,'[{"added": {}}]',30,1,'2018-02-28 03:04:20.469231');
INSERT INTO django_admin_log VALUES(64,'2','GreensRolling object',1,'[{"added": {}}]',52,1,'2018-02-28 03:04:25.733215');
INSERT INTO django_admin_log VALUES(65,'1','box 1',1,'[{"added": {}}]',23,1,'2018-02-28 03:06:13.381204');
INSERT INTO django_admin_log VALUES(66,'2','box 2',1,'[{"added": {}}]',23,1,'2018-02-28 03:06:29.604784');
INSERT INTO django_admin_log VALUES(67,'1','Woods, hole 1 tee sprinkler',1,'[{"added": {}}]',24,1,'2018-02-28 03:07:13.352897');
INSERT INTO django_admin_log VALUES(68,'2','Woods, hole 1 fairway sprinkler',1,'[{"added": {}}]',24,1,'2018-02-28 03:07:44.817603');
INSERT INTO django_admin_log VALUES(69,'3','Woods, hole 1 green sprinkler',1,'[{"added": {}}]',24,1,'2018-02-28 03:08:09.535637');
INSERT INTO django_admin_log VALUES(70,'1','Drain object',1,'[{"added": {}}]',20,1,'2018-02-28 03:11:58.943471');
INSERT INTO django_admin_log VALUES(71,'2','Drain object',1,'[{"added": {}}]',20,1,'2018-02-28 03:12:14.846471');
INSERT INTO django_admin_log VALUES(72,'3','Drain object',1,'[{"added": {}}]',20,1,'2018-02-28 03:12:32.005597');
INSERT INTO django_admin_log VALUES(73,'1','Part object',1,'[{"added": {}}]',41,1,'2018-02-28 03:16:07.529059');
INSERT INTO django_admin_log VALUES(74,'2','Filter 1010',1,'[{"added": {}}]',42,1,'2018-02-28 03:20:06.437547');
INSERT INTO django_admin_log VALUES(75,'2','Filter 1010-N',2,'[{"changed": {"fields": ["part_no"]}}]',42,1,'2018-02-28 03:20:14.349311');
INSERT INTO django_admin_log VALUES(76,'1','michael',2,'[{"changed": {"fields": ["first_name", "last_name"]}}]',4,1,'2018-02-28 03:22:32.530606');
INSERT INTO django_admin_log VALUES(77,'2','rick',1,'[{"added": {}}]',4,1,'2018-02-28 03:22:54.595322');
INSERT INTO django_admin_log VALUES(78,'2','rick',2,'[{"changed": {"fields": ["first_name", "last_name", "is_staff", "is_superuser"]}}]',4,1,'2018-02-28 03:23:21.663983');
INSERT INTO django_admin_log VALUES(79,'3','statzy',1,'[{"added": {}}]',4,1,'2018-02-28 03:23:48.800874');
INSERT INTO django_admin_log VALUES(80,'3','statzy',2,'[{"changed": {"fields": ["first_name", "last_name", "is_staff", "is_superuser"]}}]',4,1,'2018-02-28 03:23:58.937389');
INSERT INTO django_admin_log VALUES(81,'1','mechanical',1,'[{"added": {}}]',3,1,'2018-02-28 03:25:06.720016');
INSERT INTO django_admin_log VALUES(82,'2','first',1,'[{"added": {}}]',3,1,'2018-02-28 03:25:58.771324');
INSERT INTO django_admin_log VALUES(83,'3','crew',1,'[{"added": {}}]',3,1,'2018-02-28 03:26:58.123898');
INSERT INTO django_admin_log VALUES(84,'1','michael',2,'[{"changed": {"fields": ["groups"]}}]',4,1,'2018-02-28 03:27:12.979761');
INSERT INTO django_admin_log VALUES(85,'2','rick',2,'[{"changed": {"fields": ["groups"]}}]',4,1,'2018-02-28 03:27:23.933987');
INSERT INTO django_admin_log VALUES(86,'3','statzy',2,'[{"changed": {"fields": ["groups"]}}]',4,1,'2018-02-28 03:27:32.869951');
INSERT INTO django_admin_log VALUES(87,'7','UtilVehicle object',1,'[{"added": {}}]',34,1,'2018-02-28 03:28:46.725529');
INSERT INTO django_admin_log VALUES(88,'7','UtilVehicle object',2,'[]',34,1,'2018-02-28 03:31:33.412939');
INSERT INTO django_admin_log VALUES(89,'1','Fuel type: diesel',1,'[{"added": {}}]',43,2,'2018-02-28 04:28:30.904910');
INSERT INTO django_admin_log VALUES(90,'2','Oil type: 15W-30',1,'[{"added": {}}]',44,2,'2018-02-28 04:29:05.618485');
INSERT INTO django_admin_log VALUES(91,'1','RickMower 1',2,'[{"changed": {"fields": ["fuel_type", "oil_type", "oil_capacity", "oil_filter"]}}]',36,2,'2018-02-28 04:29:35.644984');
INSERT INTO django_admin_log VALUES(92,'3','TeeMowing object',2,'[{"changed": {"fields": ["mow_date"]}}]',49,1,'2018-02-28 15:55:52.148502');
INSERT INTO django_admin_log VALUES(93,'4','TeeMowing object',2,'[{"changed": {"fields": ["mow_date"]}}]',49,1,'2018-02-28 15:55:57.442890');
INSERT INTO django_admin_log VALUES(94,'4','TeeMowing object',2,'[]',49,1,'2018-02-28 15:56:38.246896');
INSERT INTO django_admin_log VALUES(95,'3','TeeMowing object',2,'[]',49,1,'2018-02-28 15:56:42.633052');
INSERT INTO django_admin_log VALUES(96,'4','TeeMowing object',2,'[{"changed": {"fields": ["mow_date"]}}]',49,1,'2018-02-28 15:57:38.552617');
INSERT INTO django_admin_log VALUES(97,'3','TeeMowing object',2,'[{"changed": {"fields": ["mow_date"]}}]',49,1,'2018-02-28 15:58:50.383766');
INSERT INTO django_admin_log VALUES(98,'2','GreensMowing object',2,'[{"changed": {"fields": ["mow_date"]}}]',47,1,'2018-02-28 15:59:35.818712');
INSERT INTO django_admin_log VALUES(99,'1','GreensMowing object',2,'[{"changed": {"fields": ["mow_date"]}}]',47,1,'2018-02-28 16:10:45.224290');
INSERT INTO django_admin_log VALUES(100,'8','RickReels 1',1,'[{"added": {}}]',35,1,'2018-02-28 16:17:34.456169');
INSERT INTO django_admin_log VALUES(101,'5','FairwayMowing object',1,'[{"added": {}}]',46,1,'2018-02-28 16:17:37.500234');
INSERT INTO django_admin_log VALUES(102,'5','FairwayMowing object',2,'[{"changed": {"fields": ["mow_date"]}}]',46,1,'2018-02-28 16:18:47.569578');
INSERT INTO django_admin_log VALUES(103,'9','BigHoss 1',1,'[{"added": {}}]',37,1,'2018-02-28 16:25:45.095400');
INSERT INTO django_admin_log VALUES(104,'6','RoughMowing object',1,'[{"added": {}}]',48,1,'2018-02-28 16:25:47.176272');
CREATE TABLE IF NOT EXISTS "django_content_type" ("id" integer NOT NULL PRIMARY KEY AUTOINCREMENT, "app_label" varchar(100) NOT NULL, "model" varchar(100) NOT NULL);
INSERT INTO django_content_type VALUES(1,'admin','logentry');
INSERT INTO django_content_type VALUES(2,'auth','permission');
INSERT INTO django_content_type VALUES(3,'auth','group');
INSERT INTO django_content_type VALUES(4,'auth','user');
INSERT INTO django_content_type VALUES(5,'contenttypes','contenttype');
INSERT INTO django_content_type VALUES(6,'sessions','session');
INSERT INTO django_content_type VALUES(7,'turfs','cultivar');
INSERT INTO django_content_type VALUES(8,'turfs','soiltype');
INSERT INTO django_content_type VALUES(9,'turfs','turfgrassgenus');
INSERT INTO django_content_type VALUES(10,'turfs','turfgrassspecies');
INSERT INTO django_content_type VALUES(11,'courses','bunker');
INSERT INTO django_content_type VALUES(12,'courses','bunkerlocation');
INSERT INTO django_content_type VALUES(13,'courses','course');
INSERT INTO django_content_type VALUES(14,'courses','fairway');
INSERT INTO django_content_type VALUES(15,'courses','green');
INSERT INTO django_content_type VALUES(16,'courses','hole');
INSERT INTO django_content_type VALUES(17,'courses','rough');
INSERT INTO django_content_type VALUES(18,'courses','tee');
INSERT INTO django_content_type VALUES(19,'courses','turffeature');
INSERT INTO django_content_type VALUES(20,'irrigation','drain');
INSERT INTO django_content_type VALUES(21,'irrigation','irrigationdig');
INSERT INTO django_content_type VALUES(22,'irrigation','quickcoupler');
INSERT INTO django_content_type VALUES(23,'irrigation','satellitebox');
INSERT INTO django_content_type VALUES(24,'irrigation','sprinklerhead');
INSERT INTO django_content_type VALUES(25,'irrigation','shutoffvalve');
INSERT INTO django_content_type VALUES(26,'machines','machine');
INSERT INTO django_content_type VALUES(27,'machines','aerator');
INSERT INTO django_content_type VALUES(28,'machines','cart');
INSERT INTO django_content_type VALUES(29,'machines','mower');
INSERT INTO django_content_type VALUES(30,'machines','roller');
INSERT INTO django_content_type VALUES(31,'machines','sprayer');
INSERT INTO django_content_type VALUES(32,'machines','tractor');
INSERT INTO django_content_type VALUES(33,'machines','traprake');
INSERT INTO django_content_type VALUES(34,'machines','utilvehicle');
INSERT INTO django_content_type VALUES(35,'machines','fairwaymower');
INSERT INTO django_content_type VALUES(36,'machines','greensmower');
INSERT INTO django_content_type VALUES(37,'machines','roughmower');
INSERT INTO django_content_type VALUES(38,'machines','teemower');
INSERT INTO django_content_type VALUES(39,'machines','fertspreader');
INSERT INTO django_content_type VALUES(40,'parts','fluid');
INSERT INTO django_content_type VALUES(41,'parts','part');
INSERT INTO django_content_type VALUES(42,'parts','filter');
INSERT INTO django_content_type VALUES(43,'parts','fuel');
INSERT INTO django_content_type VALUES(44,'parts','oil');
INSERT INTO django_content_type VALUES(45,'mowing','mowing');
INSERT INTO django_content_type VALUES(46,'mowing','fairwaymowing');
INSERT INTO django_content_type VALUES(47,'mowing','greensmowing');
INSERT INTO django_content_type VALUES(48,'mowing','roughmowing');
INSERT INTO django_content_type VALUES(49,'mowing','teemowing');
INSERT INTO django_content_type VALUES(50,'rolling','rolling');
INSERT INTO django_content_type VALUES(51,'rolling','fairwayrolling');
INSERT INTO django_content_type VALUES(52,'rolling','greensrolling');
INSERT INTO django_content_type VALUES(53,'rolling','teerolling');
INSERT INTO django_content_type VALUES(54,'fertilizing','fertilizer');
INSERT INTO django_content_type VALUES(55,'fertilizing','fertilizing');
INSERT INTO django_content_type VALUES(56,'fertilizing','fairwayfert');
INSERT INTO django_content_type VALUES(57,'fertilizing','greensfert');
INSERT INTO django_content_type VALUES(58,'fertilizing','roughfert');
INSERT INTO django_content_type VALUES(59,'fertilizing','teefert');
CREATE TABLE IF NOT EXISTS "auth_permission" ("id" integer NOT NULL PRIMARY KEY AUTOINCREMENT, "content_type_id" integer NOT NULL REFERENCES "django_content_type" ("id"), "codename" varchar(100) NOT NULL, "name" varchar(255) NOT NULL);
INSERT INTO auth_permission VALUES(1,1,'add_logentry','Can add log entry');
INSERT INTO auth_permission VALUES(2,1,'change_logentry','Can change log entry');
INSERT INTO auth_permission VALUES(3,1,'delete_logentry','Can delete log entry');
INSERT INTO auth_permission VALUES(4,2,'add_permission','Can add permission');
INSERT INTO auth_permission VALUES(5,2,'change_permission','Can change permission');
INSERT INTO auth_permission VALUES(6,2,'delete_permission','Can delete permission');
INSERT INTO auth_permission VALUES(7,3,'add_group','Can add group');
INSERT INTO auth_permission VALUES(8,3,'change_group','Can change group');
INSERT INTO auth_permission VALUES(9,3,'delete_group','Can delete group');
INSERT INTO auth_permission VALUES(10,4,'add_user','Can add user');
INSERT INTO auth_permission VALUES(11,4,'change_user','Can change user');
INSERT INTO auth_permission VALUES(12,4,'delete_user','Can delete user');
INSERT INTO auth_permission VALUES(13,5,'add_contenttype','Can add content type');
INSERT INTO auth_permission VALUES(14,5,'change_contenttype','Can change content type');
INSERT INTO auth_permission VALUES(15,5,'delete_contenttype','Can delete content type');
INSERT INTO auth_permission VALUES(16,6,'add_session','Can add session');
INSERT INTO auth_permission VALUES(17,6,'change_session','Can change session');
INSERT INTO auth_permission VALUES(18,6,'delete_session','Can delete session');
INSERT INTO auth_permission VALUES(19,7,'add_cultivar','Can add cultivar');
INSERT INTO auth_permission VALUES(20,7,'change_cultivar','Can change cultivar');
INSERT INTO auth_permission VALUES(21,7,'delete_cultivar','Can delete cultivar');
INSERT INTO auth_permission VALUES(22,8,'add_soiltype','Can add soil type');
INSERT INTO auth_permission VALUES(23,8,'change_soiltype','Can change soil type');
INSERT INTO auth_permission VALUES(24,8,'delete_soiltype','Can delete soil type');
INSERT INTO auth_permission VALUES(25,9,'add_turfgrassgenus','Can add turfgrass genus');
INSERT INTO auth_permission VALUES(26,9,'change_turfgrassgenus','Can change turfgrass genus');
INSERT INTO auth_permission VALUES(27,9,'delete_turfgrassgenus','Can delete turfgrass genus');
INSERT INTO auth_permission VALUES(28,10,'add_turfgrassspecies','Can add turfgrass species');
INSERT INTO auth_permission VALUES(29,10,'change_turfgrassspecies','Can change turfgrass species');
INSERT INTO auth_permission VALUES(30,10,'delete_turfgrassspecies','Can delete turfgrass species');
INSERT INTO auth_permission VALUES(31,11,'add_bunker','Can add bunker');
INSERT INTO auth_permission VALUES(32,11,'change_bunker','Can change bunker');
INSERT INTO auth_permission VALUES(33,11,'delete_bunker','Can delete bunker');
INSERT INTO auth_permission VALUES(34,12,'add_bunkerlocation','Can add bunker location');
INSERT INTO auth_permission VALUES(35,12,'change_bunkerlocation','Can change bunker location');
INSERT INTO auth_permission VALUES(36,12,'delete_bunkerlocation','Can delete bunker location');
INSERT INTO auth_permission VALUES(37,13,'add_course','Can add course');
INSERT INTO auth_permission VALUES(38,13,'change_course','Can change course');
INSERT INTO auth_permission VALUES(39,13,'delete_course','Can delete course');
INSERT INTO auth_permission VALUES(40,14,'add_fairway','Can add fairway');
INSERT INTO auth_permission VALUES(41,14,'change_fairway','Can change fairway');
INSERT INTO auth_permission VALUES(42,14,'delete_fairway','Can delete fairway');
INSERT INTO auth_permission VALUES(43,15,'add_green','Can add green');
INSERT INTO auth_permission VALUES(44,15,'change_green','Can change green');
INSERT INTO auth_permission VALUES(45,15,'delete_green','Can delete green');
INSERT INTO auth_permission VALUES(46,16,'add_hole','Can add hole');
INSERT INTO auth_permission VALUES(47,16,'change_hole','Can change hole');
INSERT INTO auth_permission VALUES(48,16,'delete_hole','Can delete hole');
INSERT INTO auth_permission VALUES(49,17,'add_rough','Can add rough');
INSERT INTO auth_permission VALUES(50,17,'change_rough','Can change rough');
INSERT INTO auth_permission VALUES(51,17,'delete_rough','Can delete rough');
INSERT INTO auth_permission VALUES(52,18,'add_tee','Can add tee');
INSERT INTO auth_permission VALUES(53,18,'change_tee','Can change tee');
INSERT INTO auth_permission VALUES(54,18,'delete_tee','Can delete tee');
INSERT INTO auth_permission VALUES(55,19,'add_turffeature','Can add turf feature');
INSERT INTO auth_permission VALUES(56,19,'change_turffeature','Can change turf feature');
INSERT INTO auth_permission VALUES(57,19,'delete_turffeature','Can delete turf feature');
INSERT INTO auth_permission VALUES(58,20,'add_drain','Can add drain');
INSERT INTO auth_permission VALUES(59,20,'change_drain','Can change drain');
INSERT INTO auth_permission VALUES(60,20,'delete_drain','Can delete drain');
INSERT INTO auth_permission VALUES(61,21,'add_irrigationdig','Can add irrigation dig');
INSERT INTO auth_permission VALUES(62,21,'change_irrigationdig','Can change irrigation dig');
INSERT INTO auth_permission VALUES(63,21,'delete_irrigationdig','Can delete irrigation dig');
INSERT INTO auth_permission VALUES(64,22,'add_quickcoupler','Can add quick coupler');
INSERT INTO auth_permission VALUES(65,22,'change_quickcoupler','Can change quick coupler');
INSERT INTO auth_permission VALUES(66,22,'delete_quickcoupler','Can delete quick coupler');
INSERT INTO auth_permission VALUES(67,23,'add_satellitebox','Can add satellite box');
INSERT INTO auth_permission VALUES(68,23,'change_satellitebox','Can change satellite box');
INSERT INTO auth_permission VALUES(69,23,'delete_satellitebox','Can delete satellite box');
INSERT INTO auth_permission VALUES(70,24,'add_sprinklerhead','Can add sprinkler head');
INSERT INTO auth_permission VALUES(71,24,'change_sprinklerhead','Can change sprinkler head');
INSERT INTO auth_permission VALUES(72,24,'delete_sprinklerhead','Can delete sprinkler head');
INSERT INTO auth_permission VALUES(73,25,'add_shutoffvalve','Can add shutoff valve');
INSERT INTO auth_permission VALUES(74,25,'change_shutoffvalve','Can change shutoff valve');
INSERT INTO auth_permission VALUES(75,25,'delete_shutoffvalve','Can delete shutoff valve');
INSERT INTO auth_permission VALUES(76,26,'add_machine','Can add machine');
INSERT INTO auth_permission VALUES(77,26,'change_machine','Can change machine');
INSERT INTO auth_permission VALUES(78,26,'delete_machine','Can delete machine');
INSERT INTO auth_permission VALUES(79,27,'add_aerator','Can add aerator');
INSERT INTO auth_permission VALUES(80,27,'change_aerator','Can change aerator');
INSERT INTO auth_permission VALUES(81,27,'delete_aerator','Can delete aerator');
INSERT INTO auth_permission VALUES(82,28,'add_cart','Can add cart');
INSERT INTO auth_permission VALUES(83,28,'change_cart','Can change cart');
INSERT INTO auth_permission VALUES(84,28,'delete_cart','Can delete cart');
INSERT INTO auth_permission VALUES(85,29,'add_mower','Can add mower');
INSERT INTO auth_permission VALUES(86,29,'change_mower','Can change mower');
INSERT INTO auth_permission VALUES(87,29,'delete_mower','Can delete mower');
INSERT INTO auth_permission VALUES(88,30,'add_roller','Can add roller');
INSERT INTO auth_permission VALUES(89,30,'change_roller','Can change roller');
INSERT INTO auth_permission VALUES(90,30,'delete_roller','Can delete roller');
INSERT INTO auth_permission VALUES(91,31,'add_sprayer','Can add sprayer');
INSERT INTO auth_permission VALUES(92,31,'change_sprayer','Can change sprayer');
INSERT INTO auth_permission VALUES(93,31,'delete_sprayer','Can delete sprayer');
INSERT INTO auth_permission VALUES(94,32,'add_tractor','Can add tractor');
INSERT INTO auth_permission VALUES(95,32,'change_tractor','Can change tractor');
INSERT INTO auth_permission VALUES(96,32,'delete_tractor','Can delete tractor');
INSERT INTO auth_permission VALUES(97,33,'add_traprake','Can add trap rake');
INSERT INTO auth_permission VALUES(98,33,'change_traprake','Can change trap rake');
INSERT INTO auth_permission VALUES(99,33,'delete_traprake','Can delete trap rake');
INSERT INTO auth_permission VALUES(100,34,'add_utilvehicle','Can add util vehicle');
INSERT INTO auth_permission VALUES(101,34,'change_utilvehicle','Can change util vehicle');
INSERT INTO auth_permission VALUES(102,34,'delete_utilvehicle','Can delete util vehicle');
INSERT INTO auth_permission VALUES(103,35,'add_fairwaymower','Can add fairway mower');
INSERT INTO auth_permission VALUES(104,35,'change_fairwaymower','Can change fairway mower');
INSERT INTO auth_permission VALUES(105,35,'delete_fairwaymower','Can delete fairway mower');
INSERT INTO auth_permission VALUES(106,36,'add_greensmower','Can add greens mower');
INSERT INTO auth_permission VALUES(107,36,'change_greensmower','Can change greens mower');
INSERT INTO auth_permission VALUES(108,36,'delete_greensmower','Can delete greens mower');
INSERT INTO auth_permission VALUES(109,37,'add_roughmower','Can add rough mower');
INSERT INTO auth_permission VALUES(110,37,'change_roughmower','Can change rough mower');
INSERT INTO auth_permission VALUES(111,37,'delete_roughmower','Can delete rough mower');
INSERT INTO auth_permission VALUES(112,38,'add_teemower','Can add tee mower');
INSERT INTO auth_permission VALUES(113,38,'change_teemower','Can change tee mower');
INSERT INTO auth_permission VALUES(114,38,'delete_teemower','Can delete tee mower');
INSERT INTO auth_permission VALUES(115,39,'add_fertspreader','Can add fert spreader');
INSERT INTO auth_permission VALUES(116,39,'change_fertspreader','Can change fert spreader');
INSERT INTO auth_permission VALUES(117,39,'delete_fertspreader','Can delete fert spreader');
INSERT INTO auth_permission VALUES(118,40,'add_fluid','Can add fluid');
INSERT INTO auth_permission VALUES(119,40,'change_fluid','Can change fluid');
INSERT INTO auth_permission VALUES(120,40,'delete_fluid','Can delete fluid');
INSERT INTO auth_permission VALUES(121,41,'add_part','Can add part');
INSERT INTO auth_permission VALUES(122,41,'change_part','Can change part');
INSERT INTO auth_permission VALUES(123,41,'delete_part','Can delete part');
INSERT INTO auth_permission VALUES(124,42,'add_filter','Can add filter');
INSERT INTO auth_permission VALUES(125,42,'change_filter','Can change filter');
INSERT INTO auth_permission VALUES(126,42,'delete_filter','Can delete filter');
INSERT INTO auth_permission VALUES(127,43,'add_fuel','Can add fuel');
INSERT INTO auth_permission VALUES(128,43,'change_fuel','Can change fuel');
INSERT INTO auth_permission VALUES(129,43,'delete_fuel','Can delete fuel');
INSERT INTO auth_permission VALUES(130,44,'add_oil','Can add oil');
INSERT INTO auth_permission VALUES(131,44,'change_oil','Can change oil');
INSERT INTO auth_permission VALUES(132,44,'delete_oil','Can delete oil');
INSERT INTO auth_permission VALUES(133,45,'add_mowing','Can add mowing');
INSERT INTO auth_permission VALUES(134,45,'change_mowing','Can change mowing');
INSERT INTO auth_permission VALUES(135,45,'delete_mowing','Can delete mowing');
INSERT INTO auth_permission VALUES(136,46,'add_fairwaymowing','Can add fairway mowing');
INSERT INTO auth_permission VALUES(137,46,'change_fairwaymowing','Can change fairway mowing');
INSERT INTO auth_permission VALUES(138,46,'delete_fairwaymowing','Can delete fairway mowing');
INSERT INTO auth_permission VALUES(139,47,'add_greensmowing','Can add greens mowing');
INSERT INTO auth_permission VALUES(140,47,'change_greensmowing','Can change greens mowing');
INSERT INTO auth_permission VALUES(141,47,'delete_greensmowing','Can delete greens mowing');
INSERT INTO auth_permission VALUES(142,48,'add_roughmowing','Can add rough mowing');
INSERT INTO auth_permission VALUES(143,48,'change_roughmowing','Can change rough mowing');
INSERT INTO auth_permission VALUES(144,48,'delete_roughmowing','Can delete rough mowing');
INSERT INTO auth_permission VALUES(145,49,'add_teemowing','Can add tee mowing');
INSERT INTO auth_permission VALUES(146,49,'change_teemowing','Can change tee mowing');
INSERT INTO auth_permission VALUES(147,49,'delete_teemowing','Can delete tee mowing');
INSERT INTO auth_permission VALUES(148,50,'add_rolling','Can add rolling');
INSERT INTO auth_permission VALUES(149,50,'change_rolling','Can change rolling');
INSERT INTO auth_permission VALUES(150,50,'delete_rolling','Can delete rolling');
INSERT INTO auth_permission VALUES(151,51,'add_fairwayrolling','Can add fairway rolling');
INSERT INTO auth_permission VALUES(152,51,'change_fairwayrolling','Can change fairway rolling');
INSERT INTO auth_permission VALUES(153,51,'delete_fairwayrolling','Can delete fairway rolling');
INSERT INTO auth_permission VALUES(154,52,'add_greensrolling','Can add greens rolling');
INSERT INTO auth_permission VALUES(155,52,'change_greensrolling','Can change greens rolling');
INSERT INTO auth_permission VALUES(156,52,'delete_greensrolling','Can delete greens rolling');
INSERT INTO auth_permission VALUES(157,53,'add_teerolling','Can add tee rolling');
INSERT INTO auth_permission VALUES(158,53,'change_teerolling','Can change tee rolling');
INSERT INTO auth_permission VALUES(159,53,'delete_teerolling','Can delete tee rolling');
INSERT INTO auth_permission VALUES(160,54,'add_fertilizer','Can add fertilizer');
INSERT INTO auth_permission VALUES(161,54,'change_fertilizer','Can change fertilizer');
INSERT INTO auth_permission VALUES(162,54,'delete_fertilizer','Can delete fertilizer');
INSERT INTO auth_permission VALUES(163,55,'add_fertilizing','Can add fertilizing');
INSERT INTO auth_permission VALUES(164,55,'change_fertilizing','Can change fertilizing');
INSERT INTO auth_permission VALUES(165,55,'delete_fertilizing','Can delete fertilizing');
INSERT INTO auth_permission VALUES(166,56,'add_fairwayfert','Can add fairway fert');
INSERT INTO auth_permission VALUES(167,56,'change_fairwayfert','Can change fairway fert');
INSERT INTO auth_permission VALUES(168,56,'delete_fairwayfert','Can delete fairway fert');
INSERT INTO auth_permission VALUES(169,57,'add_greensfert','Can add greens fert');
INSERT INTO auth_permission VALUES(170,57,'change_greensfert','Can change greens fert');
INSERT INTO auth_permission VALUES(171,57,'delete_greensfert','Can delete greens fert');
INSERT INTO auth_permission VALUES(172,58,'add_roughfert','Can add rough fert');
INSERT INTO auth_permission VALUES(173,58,'change_roughfert','Can change rough fert');
INSERT INTO auth_permission VALUES(174,58,'delete_roughfert','Can delete rough fert');
INSERT INTO auth_permission VALUES(175,59,'add_teefert','Can add tee fert');
INSERT INTO auth_permission VALUES(176,59,'change_teefert','Can change tee fert');
INSERT INTO auth_permission VALUES(177,59,'delete_teefert','Can delete tee fert');
CREATE TABLE IF NOT EXISTS "auth_user" ("id" integer NOT NULL PRIMARY KEY AUTOINCREMENT, "password" varchar(128) NOT NULL, "last_login" datetime NULL, "is_superuser" bool NOT NULL, "first_name" varchar(30) NOT NULL, "last_name" varchar(30) NOT NULL, "email" varchar(254) NOT NULL, "is_staff" bool NOT NULL, "is_active" bool NOT NULL, "date_joined" datetime NOT NULL, "username" varchar(150) NOT NULL UNIQUE);
INSERT INTO auth_user VALUES(1,'pbkdf2_sha256$36000$ct6FTDBEewKv$nCFCqYSVZWy3iauUK4Exs7sSXM1hEz6IGNRD+fH1dns=','2018-02-28 03:46:25.296916',1,'Michael','Schumacher','michael@mkschumacher.com',1,1,'2018-02-28 02:26:31','michael');
INSERT INTO auth_user VALUES(2,'pbkdf2_sha256$36000$0nqWVFeimz1q$6+OSTpN69VdxYUqRWN+8DgQyVjY51ZStaBMBKqlG3Pw=','2018-02-28 17:28:52.285097',1,'Rick','Meinholz','',1,1,'2018-02-28 03:22:54','rick');
INSERT INTO auth_user VALUES(3,'pbkdf2_sha256$36000$721sZMaJyg71$gGDr9n6wAFy93AQSoB36aFEDMh5c1+16RGv4bauJ9xQ=',NULL,1,'Matt','Statz','',1,1,'2018-02-28 03:23:48','statzy');
CREATE TABLE IF NOT EXISTS "courses_bunkerlocation" ("id" integer NOT NULL PRIMARY KEY AUTOINCREMENT, "name" varchar(256) NOT NULL);
INSERT INTO courses_bunkerlocation VALUES(1,'greenside left - first');
INSERT INTO courses_bunkerlocation VALUES(2,'greenside left - second');
INSERT INTO courses_bunkerlocation VALUES(3,'greenside right - first');
INSERT INTO courses_bunkerlocation VALUES(4,'greenside right - second');
INSERT INTO courses_bunkerlocation VALUES(5,'fairway left - first');
INSERT INTO courses_bunkerlocation VALUES(6,'fairway left -second');
INSERT INTO courses_bunkerlocation VALUES(7,'fairway right - first');
INSERT INTO courses_bunkerlocation VALUES(8,'fairway right - second');
CREATE TABLE IF NOT EXISTS "courses_fairway" ("turffeature_ptr_id" integer NOT NULL PRIMARY KEY REFERENCES "courses_turffeature" ("id"), "hole_id" integer NOT NULL REFERENCES "courses_hole" ("id"));
INSERT INTO courses_fairway VALUES(5,1);
INSERT INTO courses_fairway VALUES(6,2);
INSERT INTO courses_fairway VALUES(7,3);
CREATE TABLE IF NOT EXISTS "courses_green" ("turffeature_ptr_id" integer NOT NULL PRIMARY KEY REFERENCES "courses_turffeature" ("id"), "hole_id" integer NOT NULL REFERENCES "courses_hole" ("id"));
INSERT INTO courses_green VALUES(8,1);
INSERT INTO courses_green VALUES(9,2);
INSERT INTO courses_green VALUES(10,3);
INSERT INTO courses_green VALUES(11,4);
CREATE TABLE IF NOT EXISTS "courses_rough" ("turffeature_ptr_id" integer NOT NULL PRIMARY KEY REFERENCES "courses_turffeature" ("id"), "hole_id" integer NOT NULL REFERENCES "courses_hole" ("id"));
INSERT INTO courses_rough VALUES(12,1);
INSERT INTO courses_rough VALUES(13,2);
INSERT INTO courses_rough VALUES(14,3);
CREATE TABLE IF NOT EXISTS "courses_tee" ("turffeature_ptr_id" integer NOT NULL PRIMARY KEY REFERENCES "courses_turffeature" ("id"), "hole_id" integer NOT NULL REFERENCES "courses_hole" ("id"));
INSERT INTO courses_tee VALUES(1,1);
INSERT INTO courses_tee VALUES(2,2);
INSERT INTO courses_tee VALUES(3,3);
INSERT INTO courses_tee VALUES(4,5);
CREATE TABLE IF NOT EXISTS "fertilizing_fairwayfert" ("fertilizing_ptr_id" integer NOT NULL PRIMARY KEY REFERENCES "fertilizing_fertilizing" ("id"));
CREATE TABLE IF NOT EXISTS "fertilizing_fairwayfert_fairway" ("id" integer NOT NULL PRIMARY KEY AUTOINCREMENT, "fairwayfert_id" integer NOT NULL REFERENCES "fertilizing_fairwayfert" ("fertilizing_ptr_id"), "fairway_id" integer NOT NULL REFERENCES "courses_fairway" ("turffeature_ptr_id"));
CREATE TABLE IF NOT EXISTS "fertilizing_greensfert" ("fertilizing_ptr_id" integer NOT NULL PRIMARY KEY REFERENCES "fertilizing_fertilizing" ("id"));
INSERT INTO fertilizing_greensfert VALUES(1);
INSERT INTO fertilizing_greensfert VALUES(2);
CREATE TABLE IF NOT EXISTS "fertilizing_greensfert_green" ("id" integer NOT NULL PRIMARY KEY AUTOINCREMENT, "greensfert_id" integer NOT NULL REFERENCES "fertilizing_greensfert" ("fertilizing_ptr_id"), "green_id" integer NOT NULL REFERENCES "courses_green" ("turffeature_ptr_id"));
INSERT INTO fertilizing_greensfert_green VALUES(1,1,8);
INSERT INTO fertilizing_greensfert_green VALUES(2,1,9);
INSERT INTO fertilizing_greensfert_green VALUES(3,2,10);
INSERT INTO fertilizing_greensfert_green VALUES(4,2,11);
CREATE TABLE IF NOT EXISTS "fertilizing_roughfert" ("fertilizing_ptr_id" integer NOT NULL PRIMARY KEY REFERENCES "fertilizing_fertilizing" ("id"));
CREATE TABLE IF NOT EXISTS "fertilizing_roughfert_rough" ("id" integer NOT NULL PRIMARY KEY AUTOINCREMENT, "roughfert_id" integer NOT NULL REFERENCES "fertilizing_roughfert" ("fertilizing_ptr_id"), "rough_id" integer NOT NULL REFERENCES "courses_rough" ("turffeature_ptr_id"));
CREATE TABLE IF NOT EXISTS "fertilizing_teefert" ("fertilizing_ptr_id" integer NOT NULL PRIMARY KEY REFERENCES "fertilizing_fertilizing" ("id"));
INSERT INTO fertilizing_teefert VALUES(3);
CREATE TABLE IF NOT EXISTS "fertilizing_teefert_tee" ("id" integer NOT NULL PRIMARY KEY AUTOINCREMENT, "teefert_id" integer NOT NULL REFERENCES "fertilizing_teefert" ("fertilizing_ptr_id"), "tee_id" integer NOT NULL REFERENCES "courses_tee" ("turffeature_ptr_id"));
INSERT INTO fertilizing_teefert_tee VALUES(1,3,1);
INSERT INTO fertilizing_teefert_tee VALUES(2,3,2);
INSERT INTO fertilizing_teefert_tee VALUES(3,3,3);
INSERT INTO fertilizing_teefert_tee VALUES(4,3,4);
CREATE TABLE IF NOT EXISTS "parts_filter" ("part_ptr_id" integer NOT NULL PRIMARY KEY REFERENCES "parts_part" ("id"));
INSERT INTO parts_filter VALUES(2);
CREATE TABLE IF NOT EXISTS "parts_fuel" ("fluid_ptr_id" integer NOT NULL PRIMARY KEY REFERENCES "parts_fluid" ("id"));
INSERT INTO parts_fuel VALUES(1);
CREATE TABLE IF NOT EXISTS "parts_oil" ("fluid_ptr_id" integer NOT NULL PRIMARY KEY REFERENCES "parts_fluid" ("id"));
INSERT INTO parts_oil VALUES(2);
CREATE TABLE IF NOT EXISTS "machines_aerator" ("machine_ptr_id" integer NOT NULL PRIMARY KEY REFERENCES "machines_machine" ("id"));
CREATE TABLE IF NOT EXISTS "machines_cart" ("machine_ptr_id" integer NOT NULL PRIMARY KEY REFERENCES "machines_machine" ("id"));
CREATE TABLE IF NOT EXISTS "machines_mower" ("machine_ptr_id" integer NOT NULL PRIMARY KEY REFERENCES "machines_machine" ("id"), "cut_height" real NOT NULL);
INSERT INTO machines_mower VALUES(1,0.125);
INSERT INTO machines_mower VALUES(2,0.125);
INSERT INTO machines_mower VALUES(3,0.5);
INSERT INTO machines_mower VALUES(4,0.5);
INSERT INTO machines_mower VALUES(8,0.625);
INSERT INTO machines_mower VALUES(9,1.75);
CREATE TABLE IF NOT EXISTS "machines_sprayer" ("machine_ptr_id" integer NOT NULL PRIMARY KEY REFERENCES "machines_machine" ("id"), "tank_capacity" integer NOT NULL);
CREATE TABLE IF NOT EXISTS "machines_tractor" ("machine_ptr_id" integer NOT NULL PRIMARY KEY REFERENCES "machines_machine" ("id"));
CREATE TABLE IF NOT EXISTS "machines_fairwaymower" ("mower_ptr_id" integer NOT NULL PRIMARY KEY REFERENCES "machines_mower" ("machine_ptr_id"));
INSERT INTO machines_fairwaymower VALUES(8);
CREATE TABLE IF NOT EXISTS "machines_greensmower" ("mower_ptr_id" integer NOT NULL PRIMARY KEY REFERENCES "machines_mower" ("machine_ptr_id"));
INSERT INTO machines_greensmower VALUES(1);
INSERT INTO machines_greensmower VALUES(2);
CREATE TABLE IF NOT EXISTS "machines_roughmower" ("mower_ptr_id" integer NOT NULL PRIMARY KEY REFERENCES "machines_mower" ("machine_ptr_id"));
INSERT INTO machines_roughmower VALUES(9);
CREATE TABLE IF NOT EXISTS "machines_teemower" ("mower_ptr_id" integer NOT NULL PRIMARY KEY REFERENCES "machines_mower" ("machine_ptr_id"));
INSERT INTO machines_teemower VALUES(3);
INSERT INTO machines_teemower VALUES(4);
CREATE TABLE IF NOT EXISTS "machines_roller" ("machine_ptr_id" integer NOT NULL PRIMARY KEY REFERENCES "machines_machine" ("id"), "roll_width" real NULL);
INSERT INTO machines_roller VALUES(5,NULL);
INSERT INTO machines_roller VALUES(6,NULL);
CREATE TABLE IF NOT EXISTS "machines_utilvehicle" ("machine_ptr_id" integer NOT NULL PRIMARY KEY REFERENCES "machines_machine" ("id"), "bed_size" real NULL);
INSERT INTO machines_utilvehicle VALUES(7,NULL);
CREATE TABLE IF NOT EXISTS "machines_traprake" ("machine_ptr_id" integer NOT NULL PRIMARY KEY REFERENCES "machines_machine" ("id"), "plow" bool NOT NULL, "plow_attached" bool NOT NULL);
CREATE TABLE IF NOT EXISTS "machines_machine_fuel_filter" ("id" integer NOT NULL PRIMARY KEY AUTOINCREMENT, "machine_id" integer NOT NULL REFERENCES "machines_machine" ("id"), "filter_id" integer NOT NULL REFERENCES "parts_filter" ("part_ptr_id"));
CREATE TABLE IF NOT EXISTS "machines_machine_fuel_type" ("id" integer NOT NULL PRIMARY KEY AUTOINCREMENT, "machine_id" integer NOT NULL REFERENCES "machines_machine" ("id"), "fuel_id" integer NOT NULL REFERENCES "parts_fuel" ("fluid_ptr_id"));
INSERT INTO machines_machine_fuel_type VALUES(1,1,1);
INSERT INTO machines_machine_fuel_type VALUES(2,8,1);
INSERT INTO machines_machine_fuel_type VALUES(3,9,1);
CREATE TABLE IF NOT EXISTS "machines_machine_hyd_oil_filter" ("id" integer NOT NULL PRIMARY KEY AUTOINCREMENT, "machine_id" integer NOT NULL REFERENCES "machines_machine" ("id"), "filter_id" integer NOT NULL REFERENCES "parts_filter" ("part_ptr_id"));
CREATE TABLE IF NOT EXISTS "machines_machine_hyd_oil_type" ("id" integer NOT NULL PRIMARY KEY AUTOINCREMENT, "machine_id" integer NOT NULL REFERENCES "machines_machine" ("id"), "oil_id" integer NOT NULL REFERENCES "parts_oil" ("fluid_ptr_id"));
CREATE TABLE IF NOT EXISTS "machines_machine_oil_filter" ("id" integer NOT NULL PRIMARY KEY AUTOINCREMENT, "machine_id" integer NOT NULL REFERENCES "machines_machine" ("id"), "filter_id" integer NOT NULL REFERENCES "parts_filter" ("part_ptr_id"));
INSERT INTO machines_machine_oil_filter VALUES(1,1,2);
CREATE TABLE IF NOT EXISTS "machines_machine_oil_type" ("id" integer NOT NULL PRIMARY KEY AUTOINCREMENT, "machine_id" integer NOT NULL REFERENCES "machines_machine" ("id"), "oil_id" integer NOT NULL REFERENCES "parts_oil" ("fluid_ptr_id"));
INSERT INTO machines_machine_oil_type VALUES(1,1,2);
INSERT INTO machines_machine_oil_type VALUES(2,8,2);
INSERT INTO machines_machine_oil_type VALUES(3,9,2);
CREATE TABLE IF NOT EXISTS "mowing_fairwaymowing" ("mowing_ptr_id" integer NOT NULL PRIMARY KEY REFERENCES "mowing_mowing" ("id"));
INSERT INTO mowing_fairwaymowing VALUES(5);
CREATE TABLE IF NOT EXISTS "mowing_fairwaymowing_fairway" ("id" integer NOT NULL PRIMARY KEY AUTOINCREMENT, "fairwaymowing_id" integer NOT NULL REFERENCES "mowing_fairwaymowing" ("mowing_ptr_id"), "fairway_id" integer NOT NULL REFERENCES "courses_fairway" ("turffeature_ptr_id"));
INSERT INTO mowing_fairwaymowing_fairway VALUES(1,5,5);
INSERT INTO mowing_fairwaymowing_fairway VALUES(2,5,6);
CREATE TABLE IF NOT EXISTS "mowing_fairwaymowing_mower" ("id" integer NOT NULL PRIMARY KEY AUTOINCREMENT, "fairwaymowing_id" integer NOT NULL REFERENCES "mowing_fairwaymowing" ("mowing_ptr_id"), "fairwaymower_id" integer NOT NULL REFERENCES "machines_fairwaymower" ("mower_ptr_id"));
INSERT INTO mowing_fairwaymowing_mower VALUES(1,5,8);
CREATE TABLE IF NOT EXISTS "mowing_greensmowing" ("mowing_ptr_id" integer NOT NULL PRIMARY KEY REFERENCES "mowing_mowing" ("id"));
INSERT INTO mowing_greensmowing VALUES(1);
INSERT INTO mowing_greensmowing VALUES(2);
CREATE TABLE IF NOT EXISTS "mowing_greensmowing_green" ("id" integer NOT NULL PRIMARY KEY AUTOINCREMENT, "greensmowing_id" integer NOT NULL REFERENCES "mowing_greensmowing" ("mowing_ptr_id"), "green_id" integer NOT NULL REFERENCES "courses_green" ("turffeature_ptr_id"));
INSERT INTO mowing_greensmowing_green VALUES(1,1,8);
INSERT INTO mowing_greensmowing_green VALUES(2,1,9);
INSERT INTO mowing_greensmowing_green VALUES(3,1,10);
INSERT INTO mowing_greensmowing_green VALUES(4,1,11);
INSERT INTO mowing_greensmowing_green VALUES(5,2,8);
INSERT INTO mowing_greensmowing_green VALUES(6,2,9);
INSERT INTO mowing_greensmowing_green VALUES(7,2,10);
CREATE TABLE IF NOT EXISTS "mowing_greensmowing_mower" ("id" integer NOT NULL PRIMARY KEY AUTOINCREMENT, "greensmowing_id" integer NOT NULL REFERENCES "mowing_greensmowing" ("mowing_ptr_id"), "greensmower_id" integer NOT NULL REFERENCES "machines_greensmower" ("mower_ptr_id"));
INSERT INTO mowing_greensmowing_mower VALUES(1,1,1);
INSERT INTO mowing_greensmowing_mower VALUES(2,2,1);
INSERT INTO mowing_greensmowing_mower VALUES(3,2,2);
CREATE TABLE IF NOT EXISTS "mowing_roughmowing" ("mowing_ptr_id" integer NOT NULL PRIMARY KEY REFERENCES "mowing_mowing" ("id"));
INSERT INTO mowing_roughmowing VALUES(6);
CREATE TABLE IF NOT EXISTS "mowing_roughmowing_mower" ("id" integer NOT NULL PRIMARY KEY AUTOINCREMENT, "roughmowing_id" integer NOT NULL REFERENCES "mowing_roughmowing" ("mowing_ptr_id"), "roughmower_id" integer NOT NULL REFERENCES "machines_roughmower" ("mower_ptr_id"));
INSERT INTO mowing_roughmowing_mower VALUES(1,6,9);
CREATE TABLE IF NOT EXISTS "mowing_roughmowing_rough" ("id" integer NOT NULL PRIMARY KEY AUTOINCREMENT, "roughmowing_id" integer NOT NULL REFERENCES "mowing_roughmowing" ("mowing_ptr_id"), "rough_id" integer NOT NULL REFERENCES "courses_rough" ("turffeature_ptr_id"));
INSERT INTO mowing_roughmowing_rough VALUES(1,6,12);
INSERT INTO mowing_roughmowing_rough VALUES(2,6,13);
INSERT INTO mowing_roughmowing_rough VALUES(3,6,14);
CREATE TABLE IF NOT EXISTS "mowing_teemowing" ("mowing_ptr_id" integer NOT NULL PRIMARY KEY REFERENCES "mowing_mowing" ("id"));
INSERT INTO mowing_teemowing VALUES(3);
INSERT INTO mowing_teemowing VALUES(4);
CREATE TABLE IF NOT EXISTS "mowing_teemowing_mower" ("id" integer NOT NULL PRIMARY KEY AUTOINCREMENT, "teemowing_id" integer NOT NULL REFERENCES "mowing_teemowing" ("mowing_ptr_id"), "teemower_id" integer NOT NULL REFERENCES "machines_teemower" ("mower_ptr_id"));
INSERT INTO mowing_teemowing_mower VALUES(1,3,3);
INSERT INTO mowing_teemowing_mower VALUES(2,4,4);
CREATE TABLE IF NOT EXISTS "mowing_teemowing_tee" ("id" integer NOT NULL PRIMARY KEY AUTOINCREMENT, "teemowing_id" integer NOT NULL REFERENCES "mowing_teemowing" ("mowing_ptr_id"), "tee_id" integer NOT NULL REFERENCES "courses_tee" ("turffeature_ptr_id"));
INSERT INTO mowing_teemowing_tee VALUES(1,3,1);
INSERT INTO mowing_teemowing_tee VALUES(2,3,2);
INSERT INTO mowing_teemowing_tee VALUES(3,3,3);
INSERT INTO mowing_teemowing_tee VALUES(4,4,1);
INSERT INTO mowing_teemowing_tee VALUES(5,4,2);
INSERT INTO mowing_teemowing_tee VALUES(6,4,3);
INSERT INTO mowing_teemowing_tee VALUES(7,4,4);
CREATE TABLE IF NOT EXISTS "rolling_fairwayrolling" ("rolling_ptr_id" integer NOT NULL PRIMARY KEY REFERENCES "rolling_rolling" ("id"));
CREATE TABLE IF NOT EXISTS "rolling_fairwayrolling_fairway" ("id" integer NOT NULL PRIMARY KEY AUTOINCREMENT, "fairwayrolling_id" integer NOT NULL REFERENCES "rolling_fairwayrolling" ("rolling_ptr_id"), "fairway_id" integer NOT NULL REFERENCES "courses_fairway" ("turffeature_ptr_id"));
CREATE TABLE IF NOT EXISTS "rolling_greensrolling" ("rolling_ptr_id" integer NOT NULL PRIMARY KEY REFERENCES "rolling_rolling" ("id"));
INSERT INTO rolling_greensrolling VALUES(1);
INSERT INTO rolling_greensrolling VALUES(2);
CREATE TABLE IF NOT EXISTS "rolling_greensrolling_green" ("id" integer NOT NULL PRIMARY KEY AUTOINCREMENT, "greensrolling_id" integer NOT NULL REFERENCES "rolling_greensrolling" ("rolling_ptr_id"), "green_id" integer NOT NULL REFERENCES "courses_green" ("turffeature_ptr_id"));
INSERT INTO rolling_greensrolling_green VALUES(1,1,8);
INSERT INTO rolling_greensrolling_green VALUES(2,1,9);
INSERT INTO rolling_greensrolling_green VALUES(3,1,10);
INSERT INTO rolling_greensrolling_green VALUES(4,2,8);
INSERT INTO rolling_greensrolling_green VALUES(5,2,9);
INSERT INTO rolling_greensrolling_green VALUES(6,2,10);
INSERT INTO rolling_greensrolling_green VALUES(7,2,11);
CREATE TABLE IF NOT EXISTS "rolling_teerolling" ("rolling_ptr_id" integer NOT NULL PRIMARY KEY REFERENCES "rolling_rolling" ("id"));
CREATE TABLE IF NOT EXISTS "rolling_teerolling_tee" ("id" integer NOT NULL PRIMARY KEY AUTOINCREMENT, "teerolling_id" integer NOT NULL REFERENCES "rolling_teerolling" ("rolling_ptr_id"), "tee_id" integer NOT NULL REFERENCES "courses_tee" ("turffeature_ptr_id"));
CREATE TABLE IF NOT EXISTS "rolling_rolling_roller" ("id" integer NOT NULL PRIMARY KEY AUTOINCREMENT, "rolling_id" integer NOT NULL REFERENCES "rolling_rolling" ("id"), "roller_id" integer NOT NULL REFERENCES "machines_roller" ("machine_ptr_id"));
INSERT INTO rolling_rolling_roller VALUES(1,1,5);
INSERT INTO rolling_rolling_roller VALUES(2,2,6);
CREATE TABLE IF NOT EXISTS "django_session" ("session_key" varchar(40) NOT NULL PRIMARY KEY, "session_data" text NOT NULL, "expire_date" datetime NOT NULL);
INSERT INTO django_session VALUES('5u12s0vh1hkghvm0gpbz37f2usq5dqam','NDA1YWVlMDlhY2VjODFhZDQ2YWFlYjk1M2NiMWQxNjM1MjM4ZDVlZTp7Il9hdXRoX3VzZXJfaWQiOiIxIiwiX2F1dGhfdXNlcl9iYWNrZW5kIjoiZGphbmdvLmNvbnRyaWIuYXV0aC5iYWNrZW5kcy5Nb2RlbEJhY2tlbmQiLCJfYXV0aF91c2VyX2hhc2giOiJkY2U4ZjQzMTQ3MzQ4NmE2MDVmYjI3ZTVlNThjYmMyMTE3MzNlYjA3In0=','2018-03-14 02:26:36.489680');
INSERT INTO django_session VALUES('tkah0uh5kfi8cycisycfb18j4irlmorn','NDA1YWVlMDlhY2VjODFhZDQ2YWFlYjk1M2NiMWQxNjM1MjM4ZDVlZTp7Il9hdXRoX3VzZXJfaWQiOiIxIiwiX2F1dGhfdXNlcl9iYWNrZW5kIjoiZGphbmdvLmNvbnRyaWIuYXV0aC5iYWNrZW5kcy5Nb2RlbEJhY2tlbmQiLCJfYXV0aF91c2VyX2hhc2giOiJkY2U4ZjQzMTQ3MzQ4NmE2MDVmYjI3ZTVlNThjYmMyMTE3MzNlYjA3In0=','2018-03-14 03:46:25.299050');
INSERT INTO django_session VALUES('w5tfbjz7ne8hp2rtvgpqmn719g7ge7xf','YzcwZWEyM2RhMmUwNjkxZjhjNmQwZjY5M2NkNzI5MGNkMTEwYTZkOTp7Il9hdXRoX3VzZXJfaWQiOiIyIiwiX2F1dGhfdXNlcl9iYWNrZW5kIjoiZGphbmdvLmNvbnRyaWIuYXV0aC5iYWNrZW5kcy5Nb2RlbEJhY2tlbmQiLCJfYXV0aF91c2VyX2hhc2giOiI1ZDVjNmI3NWNlNmFhN2QzNmJkNGMzMTlkZTYzMWRlMzJiYjcyNjAzIn0=','2018-03-14 04:27:13.965310');
INSERT INTO django_session VALUES('l8xnldbarjwclicr7wkickl9eununf44','YzcwZWEyM2RhMmUwNjkxZjhjNmQwZjY5M2NkNzI5MGNkMTEwYTZkOTp7Il9hdXRoX3VzZXJfaWQiOiIyIiwiX2F1dGhfdXNlcl9iYWNrZW5kIjoiZGphbmdvLmNvbnRyaWIuYXV0aC5iYWNrZW5kcy5Nb2RlbEJhY2tlbmQiLCJfYXV0aF91c2VyX2hhc2giOiI1ZDVjNmI3NWNlNmFhN2QzNmJkNGMzMTlkZTYzMWRlMzJiYjcyNjAzIn0=','2018-03-14 17:28:52.287035');
CREATE TABLE IF NOT EXISTS "courses_bunker" ("id" integer NOT NULL PRIMARY KEY AUTOINCREMENT, "bunker_location_id" integer NOT NULL REFERENCES "courses_bunkerlocation" ("id"), "hole_id" integer NOT NULL REFERENCES "courses_hole" ("id"), "created_at" datetime NOT NULL, "updated_at" datetime NOT NULL);
INSERT INTO courses_bunker VALUES(1,7,1,'2018-02-28 19:25:58.199641','2018-02-28 19:25:58.211022');
INSERT INTO courses_bunker VALUES(2,3,1,'2018-02-28 19:25:58.199641','2018-02-28 19:25:58.211022');
INSERT INTO courses_bunker VALUES(3,4,1,'2018-02-28 19:25:58.199641','2018-02-28 19:25:58.211022');
INSERT INTO courses_bunker VALUES(4,1,2,'2018-02-28 19:25:58.199641','2018-02-28 19:25:58.211022');
INSERT INTO courses_bunker VALUES(5,3,2,'2018-02-28 19:25:58.199641','2018-02-28 19:25:58.211022');
INSERT INTO courses_bunker VALUES(6,5,3,'2018-02-28 19:25:58.199641','2018-02-28 19:25:58.211022');
INSERT INTO courses_bunker VALUES(7,6,3,'2018-02-28 19:25:58.199641','2018-02-28 19:25:58.211022');
INSERT INTO courses_bunker VALUES(8,3,3,'2018-02-28 19:25:58.199641','2018-02-28 19:25:58.211022');
CREATE TABLE IF NOT EXISTS "courses_course" ("id" integer NOT NULL PRIMARY KEY AUTOINCREMENT, "name" varchar(256) NOT NULL, "created_at" datetime NOT NULL, "updated_at" datetime NOT NULL);
INSERT INTO courses_course VALUES(1,'Woods','2018-02-28 19:25:58.216923','2018-02-28 19:25:58.223067');
INSERT INTO courses_course VALUES(2,'Practice','2018-02-28 19:25:58.216923','2018-02-28 19:25:58.223067');
INSERT INTO courses_course VALUES(3,'Range','2018-02-28 19:25:58.216923','2018-02-28 19:25:58.223067');
CREATE TABLE IF NOT EXISTS "courses_hole" ("id" integer NOT NULL PRIMARY KEY AUTOINCREMENT, "number" integer NOT NULL, "nickname" varchar(256) NULL, "par" integer NOT NULL, "yardage" integer NOT NULL, "course_id" integer NOT NULL REFERENCES "courses_course" ("id"), "created_at" datetime NOT NULL, "updated_at" datetime NOT NULL);
INSERT INTO courses_hole VALUES(1,1,NULL,5,490,1,'2018-02-28 19:25:58.228052','2018-02-28 19:25:58.233962');
INSERT INTO courses_hole VALUES(2,2,NULL,3,180,1,'2018-02-28 19:25:58.228052','2018-02-28 19:25:58.233962');
INSERT INTO courses_hole VALUES(3,3,NULL,4,300,1,'2018-02-28 19:25:58.228052','2018-02-28 19:25:58.233962');
INSERT INTO courses_hole VALUES(4,0,NULL,0,0,2,'2018-02-28 19:25:58.228052','2018-02-28 19:25:58.233962');
INSERT INTO courses_hole VALUES(5,0,NULL,0,0,3,'2018-02-28 19:25:58.228052','2018-02-28 19:25:58.233962');
CREATE TABLE IF NOT EXISTS "courses_turffeature" ("id" integer NOT NULL PRIMARY KEY AUTOINCREMENT, "area" integer NOT NULL, "soil_type_id" integer NULL REFERENCES "turfs_soiltype" ("id"), "turf_cultivar_id" integer NULL REFERENCES "turfs_cultivar" ("id"), "turf_species_id" integer NULL REFERENCES "turfs_turfgrassspecies" ("id"), "created_at" datetime NOT NULL, "updated_at" datetime NOT NULL);
INSERT INTO courses_turffeature VALUES(1,180,1,1,1,'2018-02-28 19:25:58.243739','2018-02-28 19:25:58.254247');
INSERT INTO courses_turffeature VALUES(2,220,2,1,1,'2018-02-28 19:25:58.243739','2018-02-28 19:25:58.254247');
INSERT INTO courses_turffeature VALUES(3,160,1,1,1,'2018-02-28 19:25:58.243739','2018-02-28 19:25:58.254247');
INSERT INTO courses_turffeature VALUES(4,800,1,NULL,1,'2018-02-28 19:25:58.243739','2018-02-28 19:25:58.254247');
INSERT INTO courses_turffeature VALUES(5,1200,1,NULL,1,'2018-02-28 19:25:58.243739','2018-02-28 19:25:58.254247');
INSERT INTO courses_turffeature VALUES(6,400,1,NULL,1,'2018-02-28 19:25:58.243739','2018-02-28 19:25:58.254247');
INSERT INTO courses_turffeature VALUES(7,900,1,NULL,1,'2018-02-28 19:25:58.243739','2018-02-28 19:25:58.254247');
INSERT INTO courses_turffeature VALUES(8,300,2,1,1,'2018-02-28 19:25:58.243739','2018-02-28 19:25:58.254247');
INSERT INTO courses_turffeature VALUES(9,500,2,1,1,'2018-02-28 19:25:58.243739','2018-02-28 19:25:58.254247');
INSERT INTO courses_turffeature VALUES(10,350,1,1,1,'2018-02-28 19:25:58.243739','2018-02-28 19:25:58.254247');
INSERT INTO courses_turffeature VALUES(11,600,2,1,1,'2018-02-28 19:25:58.243739','2018-02-28 19:25:58.254247');
INSERT INTO courses_turffeature VALUES(12,2100,1,NULL,2,'2018-02-28 19:25:58.243739','2018-02-28 19:25:58.254247');
INSERT INTO courses_turffeature VALUES(13,900,1,NULL,2,'2018-02-28 19:25:58.243739','2018-02-28 19:25:58.254247');
INSERT INTO courses_turffeature VALUES(14,1700,1,NULL,2,'2018-02-28 19:25:58.243739','2018-02-28 19:25:58.254247');
CREATE TABLE IF NOT EXISTS "fertilizing_fertilizer" ("id" integer NOT NULL PRIMARY KEY AUTOINCREMENT, "manufacturer" varchar(128) NOT NULL, "name" varchar(256) NULL, "n_value" integer unsigned NOT NULL, "p_value" integer unsigned NOT NULL, "k_value" integer unsigned NOT NULL, "bag_size" integer unsigned NOT NULL, "price_per_bag" decimal NOT NULL, "created_at" datetime NOT NULL, "updated_at" datetime NOT NULL);
INSERT INTO fertilizing_fertilizer VALUES(1,'Reinders','new greens - March',22,0,22,50,74.989999999999994882,'2018-02-28 19:25:58.266816','2018-02-28 19:25:58.273479');
INSERT INTO fertilizing_fertilizer VALUES(2,'Reinders','old greens - March',14,0,7,50,72.989999999999994884,'2018-02-28 19:25:58.266816','2018-02-28 19:25:58.273479');
INSERT INTO fertilizing_fertilizer VALUES(3,'Lesco','tees - March',8,0,15,50,52.49000000000000199,'2018-02-28 19:25:58.266816','2018-02-28 19:25:58.273479');
CREATE TABLE IF NOT EXISTS "fertilizing_fertilizing" ("id" integer NOT NULL PRIMARY KEY AUTOINCREMENT, "fert_date" datetime NOT NULL, "rate" real NULL, "fertilizer_id" integer NOT NULL REFERENCES "fertilizing_fertilizer" ("id"), "bags_used" decimal NOT NULL, "cost" decimal NULL, "created_at" datetime NOT NULL, "updated_at" datetime NOT NULL);
INSERT INTO fertilizing_fertilizing VALUES(1,'2018-02-28 02:39:45.535597',NULL,1,1.5,112.48000000000000398,'2018-02-28 19:25:58.279345','2018-02-28 19:25:58.285517');
INSERT INTO fertilizing_fertilizing VALUES(2,'2018-02-28 02:40:02.370667',NULL,2,2,145.97999999999998976,'2018-02-28 19:25:58.279345','2018-02-28 19:25:58.285517');
INSERT INTO fertilizing_fertilizing VALUES(3,'2018-02-28 02:40:52.806539',NULL,3,3,157.46999999999999886,'2018-02-28 19:25:58.279345','2018-02-28 19:25:58.285517');
CREATE TABLE IF NOT EXISTS "irrigation_drain" ("id" integer NOT NULL PRIMARY KEY AUTOINCREMENT, "open" bool NOT NULL, "latitude" real NOT NULL, "longitude" real NOT NULL, "hole_id" integer NOT NULL REFERENCES "courses_hole" ("id"), "problem" bool NOT NULL, "created_at" datetime NOT NULL, "updated_at" datetime NOT NULL);
INSERT INTO irrigation_drain VALUES(1,0,43.655400000000000202,-89.324100000000001388,1,0,'2018-02-28 19:25:58.298457','2018-02-28 19:25:58.308650');
INSERT INTO irrigation_drain VALUES(2,0,43.457200000000000272,-89.625399999999999069,2,0,'2018-02-28 19:25:58.298457','2018-02-28 19:25:58.308650');
INSERT INTO irrigation_drain VALUES(3,1,43.543599999999997862,-89.23149999999999693,3,1,'2018-02-28 19:25:58.298457','2018-02-28 19:25:58.308650');
CREATE TABLE IF NOT EXISTS "irrigation_irrigationdig" ("id" integer NOT NULL PRIMARY KEY AUTOINCREMENT, "date" date NOT NULL, "drain_id" integer NOT NULL REFERENCES "irrigation_drain" ("id"), "quick_coupler_id" integer NOT NULL REFERENCES "irrigation_quickcoupler" ("id"), "sprinkler_id" integer NULL REFERENCES "irrigation_sprinklerhead" ("id"), "fixed" bool NOT NULL, "created_at" datetime NOT NULL, "updated_at" datetime NOT NULL);
CREATE TABLE IF NOT EXISTS "irrigation_quickcoupler" ("id" integer NOT NULL PRIMARY KEY AUTOINCREMENT, "latitude" real NOT NULL, "longitude" real NOT NULL, "fairway_id" integer NULL REFERENCES "courses_fairway" ("turffeature_ptr_id"), "green_id" integer NULL REFERENCES "courses_green" ("turffeature_ptr_id"), "rough_id" integer NULL REFERENCES "courses_rough" ("turffeature_ptr_id"), "tee_id" integer NULL REFERENCES "courses_tee" ("turffeature_ptr_id"), "problem" bool NOT NULL, "created_at" datetime NOT NULL, "updated_at" datetime NOT NULL);
CREATE TABLE IF NOT EXISTS "irrigation_satellitebox" ("id" integer NOT NULL PRIMARY KEY AUTOINCREMENT, "box_number" integer NOT NULL, "latitude" real NOT NULL, "longitude" real NOT NULL, "problem" bool NOT NULL, "created_at" datetime NOT NULL, "updated_at" datetime NOT NULL);
INSERT INTO irrigation_satellitebox VALUES(1,1,43.455599999999996894,-89.234499999999997042,0,'2018-02-28 19:25:58.365190','2018-02-28 19:25:58.372493');
INSERT INTO irrigation_satellitebox VALUES(2,2,43.562300000000000466,-89.423100000000005135,1,'2018-02-28 19:25:58.365190','2018-02-28 19:25:58.372493');
CREATE TABLE IF NOT EXISTS "irrigation_shutoffvalve" ("id" integer NOT NULL PRIMARY KEY AUTOINCREMENT, "open" bool NOT NULL, "latitude" real NOT NULL, "longitude" real NOT NULL, "problem" bool NOT NULL, "fairway_id" integer NULL REFERENCES "courses_fairway" ("turffeature_ptr_id"), "green_id" integer NULL REFERENCES "courses_green" ("turffeature_ptr_id"), "rough_id" integer NULL REFERENCES "courses_rough" ("turffeature_ptr_id"), "tee_id" integer NULL REFERENCES "courses_tee" ("turffeature_ptr_id"), "created_at" datetime NOT NULL, "updated_at" datetime NOT NULL);
CREATE TABLE IF NOT EXISTS "irrigation_sprinklerhead" ("id" integer NOT NULL PRIMARY KEY AUTOINCREMENT, "sprinkler_number" integer NOT NULL, "latitude" real NOT NULL, "longitude" real NOT NULL, "distance" integer NULL, "fairway_id" integer NULL REFERENCES "courses_fairway" ("turffeature_ptr_id"), "green_id" integer NULL REFERENCES "courses_green" ("turffeature_ptr_id"), "rough_id" integer NULL REFERENCES "courses_rough" ("turffeature_ptr_id"), "satellite_box_id" integer NOT NULL REFERENCES "irrigation_satellitebox" ("id"), "tee_id" integer NULL REFERENCES "courses_tee" ("turffeature_ptr_id"), "problem" bool NOT NULL, "hole_id" integer NULL REFERENCES "courses_hole" ("id"), "created_at" datetime NOT NULL, "updated_at" datetime NOT NULL);
INSERT INTO irrigation_sprinklerhead VALUES(1,8,43.463200000000000501,-89.455600000000004001,NULL,NULL,NULL,NULL,1,1,0,1,'2018-02-28 19:25:58.410641','2018-02-28 19:25:58.425741');
INSERT INTO irrigation_sprinklerhead VALUES(2,9,43.654200000000003001,-89.423500000000004208,100,5,NULL,NULL,1,NULL,1,1,'2018-02-28 19:25:58.410641','2018-02-28 19:25:58.425741');
INSERT INTO irrigation_sprinklerhead VALUES(3,12,43.67419999999999902,-89.456100000000006392,NULL,NULL,8,NULL,1,NULL,0,1,'2018-02-28 19:25:58.410641','2018-02-28 19:25:58.425741');
CREATE TABLE IF NOT EXISTS "machines_fertspreader" ("id" integer NOT NULL PRIMARY KEY AUTOINCREMENT, "make" varchar(128) NOT NULL, "model" varchar(256) NULL, "ident_number" varchar(16) NULL, "notes" text NOT NULL, "capacity" real NOT NULL, "created_at" datetime NOT NULL, "updated_at" datetime NOT NULL);
CREATE TABLE IF NOT EXISTS "machines_machine" ("id" integer NOT NULL PRIMARY KEY AUTOINCREMENT, "make" varchar(128) NOT NULL, "model" text NOT NULL, "year" integer NOT NULL, "ident_number" varchar(16) NULL, "date_purchased" date NOT NULL, "hours" real NOT NULL, "oil_capacity" real NULL, "hyd_oil_capacity" real NULL, "in_commission" bool NOT NULL, "created_at" datetime NOT NULL, "updated_at" datetime NOT NULL);
INSERT INTO machines_machine VALUES(1,'RickCo','RickMower',2014,'1','2015-10-20',450.0,2.5,NULL,1,'2018-02-28 19:25:58.462113','2018-02-28 19:25:58.479315');
INSERT INTO machines_machine VALUES(2,'RickCo','RickMower',2015,'2','2016-02-01',350.0,NULL,NULL,0,'2018-02-28 19:25:58.462113','2018-02-28 19:25:58.479315');
INSERT INTO machines_machine VALUES(3,'RickCo','TeeBeast',2005,'1','2007-02-25',1000.0,NULL,NULL,1,'2018-02-28 19:25:58.462113','2018-02-28 19:25:58.479315');
INSERT INTO machines_machine VALUES(4,'RickCo','TeeBeast Plus',2009,'2','2010-12-01',700.0,NULL,NULL,0,'2018-02-28 19:25:58.462113','2018-02-28 19:25:58.479315');
INSERT INTO machines_machine VALUES(5,'RickCo','RickRoller',2015,'1','2015-02-20',200.0,NULL,NULL,0,'2018-02-28 19:25:58.462113','2018-02-28 19:25:58.479315');
INSERT INTO machines_machine VALUES(6,'RickCo','RickRoller',2016,'2','2016-02-05',150.0,NULL,NULL,1,'2018-02-28 19:25:58.462113','2018-02-28 19:25:58.479315');
INSERT INTO machines_machine VALUES(7,'RickCo','RickRunner Ultra',2010,'1','2013-03-01',1200.0,NULL,NULL,0,'2018-02-28 19:25:58.462113','2018-02-28 19:25:58.479315');
INSERT INTO machines_machine VALUES(8,'RickCo','RickReels',2004,'1','2006-12-01',900.0,NULL,NULL,1,'2018-02-28 19:25:58.462113','2018-02-28 19:25:58.479315');
INSERT INTO machines_machine VALUES(9,'RickCo','BigHoss',2008,'1','2010-12-01',1000.0,NULL,NULL,1,'2018-02-28 19:25:58.462113','2018-02-28 19:25:58.479315');
CREATE TABLE IF NOT EXISTS "mowing_mowing" ("id" integer NOT NULL PRIMARY KEY AUTOINCREMENT, "mow_date" datetime NOT NULL, "created_at" datetime NOT NULL, "updated_at" datetime NOT NULL);
INSERT INTO mowing_mowing VALUES(1,'2018-02-27 13:41:53','2018-02-28 19:25:58.497022','2018-02-28 19:25:58.509399');
INSERT INTO mowing_mowing VALUES(2,'2018-02-06 02:42:41','2018-02-28 19:25:58.497022','2018-02-28 19:25:58.509399');
INSERT INTO mowing_mowing VALUES(3,'2018-02-02 02:48:41','2018-02-28 19:25:58.497022','2018-02-28 19:25:58.509399');
INSERT INTO mowing_mowing VALUES(4,'2018-02-14 02:49:44','2018-02-28 19:25:58.497022','2018-02-28 19:25:58.509399');
INSERT INTO mowing_mowing VALUES(5,'2017-10-03 15:16:22','2018-02-28 19:25:58.497022','2018-02-28 19:25:58.509399');
INSERT INTO mowing_mowing VALUES(6,'2017-09-12 15:24:45','2018-02-28 19:25:58.497022','2018-02-28 19:25:58.509399');
CREATE TABLE IF NOT EXISTS "parts_part" ("id" integer NOT NULL PRIMARY KEY AUTOINCREMENT, "part_no" varchar(256) NOT NULL, "alt_part_no" varchar(256) NULL, "make" varchar(256) NOT NULL, "location" text NULL, "in_stock" integer unsigned NOT NULL, "price" decimal NOT NULL, "description" text NULL, "created_at" datetime NOT NULL, "obsolete" bool NOT NULL, "updated_at" datetime NOT NULL);
INSERT INTO parts_part VALUES(1,'432-135',NULL,'RickCo','A-1',0,25.989999999999998437,'Astley shaft','2018-02-28 03:16:07.525912',0,'2018-02-28 03:16:07.526167');
INSERT INTO parts_part VALUES(2,'1010-N',NULL,'SchuCo','Z-2',0,4.5899999999999998578,'oil filter','2018-02-28 03:20:06.425211',0,'2018-02-28 03:20:14.337496');
CREATE TABLE IF NOT EXISTS "parts_fluid" ("id" integer NOT NULL PRIMARY KEY AUTOINCREMENT, "name" text NOT NULL, "price_per_unit" decimal NOT NULL, "updated_at" datetime NOT NULL, "created_at" datetime NOT NULL);
INSERT INTO parts_fluid VALUES(1,'diesel',3.4900000000000002131,'2018-02-28 04:28:30.903493','2018-02-28 19:25:58.536975');
INSERT INTO parts_fluid VALUES(2,'15W-30',7.3899999999999996802,'2018-02-28 04:29:05.617160','2018-02-28 19:25:58.536975');
CREATE TABLE IF NOT EXISTS "rolling_rolling" ("id" integer NOT NULL PRIMARY KEY AUTOINCREMENT, "roll_date" datetime NOT NULL, "created_at" datetime NOT NULL, "updated_at" datetime NOT NULL);
INSERT INTO rolling_rolling VALUES(1,'2018-02-26 03:02:59','2018-02-28 19:25:58.559928','2018-02-28 19:25:58.577473');
INSERT INTO rolling_rolling VALUES(2,'2018-02-28 03:03:47','2018-02-28 19:25:58.559928','2018-02-28 19:25:58.577473');
CREATE TABLE IF NOT EXISTS "turfs_cultivar" ("id" integer NOT NULL PRIMARY KEY AUTOINCREMENT, "name" varchar(256) NOT NULL, "species_id" integer NOT NULL REFERENCES "turfs_turfgrassspecies" ("id"), "created_at" datetime NOT NULL, "updated_at" datetime NOT NULL);
INSERT INTO turfs_cultivar VALUES(1,'Penncross',1,'2018-02-28 19:25:58.587594','2018-02-28 19:25:58.595298');
CREATE TABLE IF NOT EXISTS "turfs_soiltype" ("id" integer NOT NULL PRIMARY KEY AUTOINCREMENT, "name" varchar(256) NOT NULL, "sand_ratio" real NOT NULL, "silt_ratio" real NOT NULL, "clay_ratio" real NOT NULL, "created_at" datetime NOT NULL, "updated_at" datetime NOT NULL);
INSERT INTO turfs_soiltype VALUES(1,'native',20.0,20.0,60.0,'2018-02-28 19:25:58.601739','2018-02-28 19:25:58.607501');
INSERT INTO turfs_soiltype VALUES(2,'sand-based',80.0,10.0,10.0,'2018-02-28 19:25:58.601739','2018-02-28 19:25:58.607501');
CREATE TABLE IF NOT EXISTS "turfs_turfgrassgenus" ("id" integer NOT NULL PRIMARY KEY AUTOINCREMENT, "name" varchar(256) NOT NULL, "common_name" varchar(256) NOT NULL, "created_at" datetime NOT NULL, "updated_at" datetime NOT NULL);
INSERT INTO turfs_turfgrassgenus VALUES(1,'Agrostis','bentgrass','2018-02-28 19:25:58.612860','2018-02-28 19:25:58.618164');
INSERT INTO turfs_turfgrassgenus VALUES(2,'Poa','bluegrass','2018-02-28 19:25:58.612860','2018-02-28 19:25:58.618164');
CREATE TABLE IF NOT EXISTS "turfs_turfgrassspecies" ("id" integer NOT NULL PRIMARY KEY AUTOINCREMENT, "name" varchar(256) NOT NULL, "common_name" varchar(256) NOT NULL, "genus_id" integer NOT NULL REFERENCES "turfs_turfgrassgenus" ("id"), "created_at" datetime NOT NULL, "updated_at" datetime NOT NULL);
INSERT INTO turfs_turfgrassspecies VALUES(1,'stolonifera','creeping bentgrass',1,'2018-02-28 19:25:58.623519','2018-02-28 19:25:58.629264');
INSERT INTO turfs_turfgrassspecies VALUES(2,'pratensis','Kentucky bluegrass',2,'2018-02-28 19:25:58.623519','2018-02-28 19:25:58.629264');
DELETE FROM sqlite_sequence;
INSERT INTO sqlite_sequence VALUES('django_admin_log',104);
INSERT INTO sqlite_sequence VALUES('courses_bunkerlocation',8);
INSERT INTO sqlite_sequence VALUES('fertilizing_greensfert_green',4);
INSERT INTO sqlite_sequence VALUES('fertilizing_teefert_tee',4);
INSERT INTO sqlite_sequence VALUES('mowing_greensmowing_green',7);
INSERT INTO sqlite_sequence VALUES('mowing_greensmowing_mower',3);
INSERT INTO sqlite_sequence VALUES('mowing_teemowing_tee',7);
INSERT INTO sqlite_sequence VALUES('mowing_teemowing_mower',2);
INSERT INTO sqlite_sequence VALUES('rolling_rolling_roller',2);
INSERT INTO sqlite_sequence VALUES('rolling_greensrolling_green',7);
INSERT INTO sqlite_sequence VALUES('auth_user',3);
INSERT INTO sqlite_sequence VALUES('auth_group',3);
INSERT INTO sqlite_sequence VALUES('auth_group_permissions',210);
INSERT INTO sqlite_sequence VALUES('auth_user_groups',5);
INSERT INTO sqlite_sequence VALUES('machines_machine_fuel_type',3);
INSERT INTO sqlite_sequence VALUES('machines_machine_oil_type',3);
INSERT INTO sqlite_sequence VALUES('machines_machine_oil_filter',1);
INSERT INTO sqlite_sequence VALUES('mowing_fairwaymowing_fairway',2);
INSERT INTO sqlite_sequence VALUES('mowing_fairwaymowing_mower',1);
INSERT INTO sqlite_sequence VALUES('mowing_roughmowing_rough',3);
INSERT INTO sqlite_sequence VALUES('mowing_roughmowing_mower',1);
INSERT INTO sqlite_sequence VALUES('courses_bunker',8);
INSERT INTO sqlite_sequence VALUES('courses_course',3);
INSERT INTO sqlite_sequence VALUES('courses_hole',5);
INSERT INTO sqlite_sequence VALUES('courses_turffeature',14);
INSERT INTO sqlite_sequence VALUES('django_migrations',56);
INSERT INTO sqlite_sequence VALUES('fertilizing_fertilizer',3);
INSERT INTO sqlite_sequence VALUES('fertilizing_fertilizing',3);
INSERT INTO sqlite_sequence VALUES('irrigation_drain',3);
INSERT INTO sqlite_sequence VALUES('irrigation_irrigationdig',0);
INSERT INTO sqlite_sequence VALUES('irrigation_quickcoupler',0);
INSERT INTO sqlite_sequence VALUES('irrigation_satellitebox',2);
INSERT INTO sqlite_sequence VALUES('irrigation_shutoffvalve',0);
INSERT INTO sqlite_sequence VALUES('irrigation_sprinklerhead',3);
INSERT INTO sqlite_sequence VALUES('machines_fertspreader',0);
INSERT INTO sqlite_sequence VALUES('machines_machine',9);
INSERT INTO sqlite_sequence VALUES('mowing_mowing',6);
INSERT INTO sqlite_sequence VALUES('parts_part',2);
INSERT INTO sqlite_sequence VALUES('parts_fluid',2);
INSERT INTO sqlite_sequence VALUES('rolling_rolling',2);
INSERT INTO sqlite_sequence VALUES('turfs_cultivar',1);
INSERT INTO sqlite_sequence VALUES('turfs_soiltype',2);
INSERT INTO sqlite_sequence VALUES('turfs_turfgrassgenus',2);
INSERT INTO sqlite_sequence VALUES('turfs_turfgrassspecies',2);
CREATE UNIQUE INDEX "auth_group_permissions_group_id_permission_id_0cd325b0_uniq" ON "auth_group_permissions" ("group_id", "permission_id");
CREATE INDEX "auth_group_permissions_group_id_b120cbf9" ON "auth_group_permissions" ("group_id");
CREATE INDEX "auth_group_permissions_permission_id_84c5c92e" ON "auth_group_permissions" ("permission_id");
CREATE UNIQUE INDEX "auth_user_groups_user_id_group_id_94350c0c_uniq" ON "auth_user_groups" ("user_id", "group_id");
CREATE INDEX "auth_user_groups_user_id_6a12ed8b" ON "auth_user_groups" ("user_id");
CREATE INDEX "auth_user_groups_group_id_97559544" ON "auth_user_groups" ("group_id");
CREATE UNIQUE INDEX "auth_user_user_permissions_user_id_permission_id_14a6b632_uniq" ON "auth_user_user_permissions" ("user_id", "permission_id");
CREATE INDEX "auth_user_user_permissions_user_id_a95ead1b" ON "auth_user_user_permissions" ("user_id");
CREATE INDEX "auth_user_user_permissions_permission_id_1fbb5f2c" ON "auth_user_user_permissions" ("permission_id");
CREATE INDEX "django_admin_log_content_type_id_c4bce8eb" ON "django_admin_log" ("content_type_id");
CREATE INDEX "django_admin_log_user_id_c564eba6" ON "django_admin_log" ("user_id");
CREATE UNIQUE INDEX "django_content_type_app_label_model_76bd3d3b_uniq" ON "django_content_type" ("app_label", "model");
CREATE UNIQUE INDEX "auth_permission_content_type_id_codename_01ab375a_uniq" ON "auth_permission" ("content_type_id", "codename");
CREATE INDEX "auth_permission_content_type_id_2f476e4b" ON "auth_permission" ("content_type_id");
CREATE INDEX "courses_fairway_hole_id_90a5b4ef" ON "courses_fairway" ("hole_id");
CREATE INDEX "courses_green_hole_id_3e99f812" ON "courses_green" ("hole_id");
CREATE INDEX "courses_rough_hole_id_a72fb1f0" ON "courses_rough" ("hole_id");
CREATE INDEX "courses_tee_hole_id_58dede7f" ON "courses_tee" ("hole_id");
CREATE UNIQUE INDEX "fertilizing_fairwayfert_fairway_fairwayfert_id_fairway_id_a840f2aa_uniq" ON "fertilizing_fairwayfert_fairway" ("fairwayfert_id", "fairway_id");
CREATE INDEX "fertilizing_fairwayfert_fairway_fairwayfert_id_e0adfdff" ON "fertilizing_fairwayfert_fairway" ("fairwayfert_id");
CREATE INDEX "fertilizing_fairwayfert_fairway_fairway_id_6dd5f2b8" ON "fertilizing_fairwayfert_fairway" ("fairway_id");
CREATE UNIQUE INDEX "fertilizing_greensfert_green_greensfert_id_green_id_cc4482d1_uniq" ON "fertilizing_greensfert_green" ("greensfert_id", "green_id");
CREATE INDEX "fertilizing_greensfert_green_greensfert_id_10efef6a" ON "fertilizing_greensfert_green" ("greensfert_id");
CREATE INDEX "fertilizing_greensfert_green_green_id_2e284f0d" ON "fertilizing_greensfert_green" ("green_id");
CREATE UNIQUE INDEX "fertilizing_roughfert_rough_roughfert_id_rough_id_37afb467_uniq" ON "fertilizing_roughfert_rough" ("roughfert_id", "rough_id");
CREATE INDEX "fertilizing_roughfert_rough_roughfert_id_6e70bd53" ON "fertilizing_roughfert_rough" ("roughfert_id");
CREATE INDEX "fertilizing_roughfert_rough_rough_id_fb96f4af" ON "fertilizing_roughfert_rough" ("rough_id");
CREATE UNIQUE INDEX "fertilizing_teefert_tee_teefert_id_tee_id_dcacb0c8_uniq" ON "fertilizing_teefert_tee" ("teefert_id", "tee_id");
CREATE INDEX "fertilizing_teefert_tee_teefert_id_78c46647" ON "fertilizing_teefert_tee" ("teefert_id");
CREATE INDEX "fertilizing_teefert_tee_tee_id_9a0672d5" ON "fertilizing_teefert_tee" ("tee_id");
CREATE UNIQUE INDEX "machines_machine_fuel_filter_machine_id_filter_id_3041e930_uniq" ON "machines_machine_fuel_filter" ("machine_id", "filter_id");
CREATE INDEX "machines_machine_fuel_filter_machine_id_d383624b" ON "machines_machine_fuel_filter" ("machine_id");
CREATE INDEX "machines_machine_fuel_filter_filter_id_efa50a97" ON "machines_machine_fuel_filter" ("filter_id");
CREATE UNIQUE INDEX "machines_machine_fuel_type_machine_id_fuel_id_78b31432_uniq" ON "machines_machine_fuel_type" ("machine_id", "fuel_id");
CREATE INDEX "machines_machine_fuel_type_machine_id_3f8f3f49" ON "machines_machine_fuel_type" ("machine_id");
CREATE INDEX "machines_machine_fuel_type_fuel_id_23d1507f" ON "machines_machine_fuel_type" ("fuel_id");
CREATE UNIQUE INDEX "machines_machine_hyd_oil_filter_machine_id_filter_id_8b6fe9d1_uniq" ON "machines_machine_hyd_oil_filter" ("machine_id", "filter_id");
CREATE INDEX "machines_machine_hyd_oil_filter_machine_id_1dd73ef4" ON "machines_machine_hyd_oil_filter" ("machine_id");
CREATE INDEX "machines_machine_hyd_oil_filter_filter_id_ba744513" ON "machines_machine_hyd_oil_filter" ("filter_id");
CREATE UNIQUE INDEX "machines_machine_hyd_oil_type_machine_id_oil_id_f49aa8e7_uniq" ON "machines_machine_hyd_oil_type" ("machine_id", "oil_id");
CREATE INDEX "machines_machine_hyd_oil_type_machine_id_b450ab68" ON "machines_machine_hyd_oil_type" ("machine_id");
CREATE INDEX "machines_machine_hyd_oil_type_oil_id_8b830f61" ON "machines_machine_hyd_oil_type" ("oil_id");
CREATE UNIQUE INDEX "machines_machine_oil_filter_machine_id_filter_id_882f9291_uniq" ON "machines_machine_oil_filter" ("machine_id", "filter_id");
CREATE INDEX "machines_machine_oil_filter_machine_id_a8cca111" ON "machines_machine_oil_filter" ("machine_id");
CREATE INDEX "machines_machine_oil_filter_filter_id_1a08bb8d" ON "machines_machine_oil_filter" ("filter_id");
CREATE UNIQUE INDEX "machines_machine_oil_type_machine_id_oil_id_9d68d2c4_uniq" ON "machines_machine_oil_type" ("machine_id", "oil_id");
CREATE INDEX "machines_machine_oil_type_machine_id_d3652f68" ON "machines_machine_oil_type" ("machine_id");
CREATE INDEX "machines_machine_oil_type_oil_id_dbf355e7" ON "machines_machine_oil_type" ("oil_id");
CREATE UNIQUE INDEX "mowing_fairwaymowing_fairway_fairwaymowing_id_fairway_id_bc901e37_uniq" ON "mowing_fairwaymowing_fairway" ("fairwaymowing_id", "fairway_id");
CREATE INDEX "mowing_fairwaymowing_fairway_fairwaymowing_id_9567b207" ON "mowing_fairwaymowing_fairway" ("fairwaymowing_id");
CREATE INDEX "mowing_fairwaymowing_fairway_fairway_id_0f790e61" ON "mowing_fairwaymowing_fairway" ("fairway_id");
CREATE UNIQUE INDEX "mowing_fairwaymowing_mower_fairwaymowing_id_fairwaymower_id_915d39a6_uniq" ON "mowing_fairwaymowing_mower" ("fairwaymowing_id", "fairwaymower_id");
CREATE INDEX "mowing_fairwaymowing_mower_fairwaymowing_id_20ccb5c6" ON "mowing_fairwaymowing_mower" ("fairwaymowing_id");
CREATE INDEX "mowing_fairwaymowing_mower_fairwaymower_id_f7f8644e" ON "mowing_fairwaymowing_mower" ("fairwaymower_id");
CREATE UNIQUE INDEX "mowing_greensmowing_green_greensmowing_id_green_id_b6533099_uniq" ON "mowing_greensmowing_green" ("greensmowing_id", "green_id");
CREATE INDEX "mowing_greensmowing_green_greensmowing_id_a46f667f" ON "mowing_greensmowing_green" ("greensmowing_id");
CREATE INDEX "mowing_greensmowing_green_green_id_51931ed7" ON "mowing_greensmowing_green" ("green_id");
CREATE UNIQUE INDEX "mowing_greensmowing_mower_greensmowing_id_greensmower_id_16482678_uniq" ON "mowing_greensmowing_mower" ("greensmowing_id", "greensmower_id");
CREATE INDEX "mowing_greensmowing_mower_greensmowing_id_38eee1dd" ON "mowing_greensmowing_mower" ("greensmowing_id");
CREATE INDEX "mowing_greensmowing_mower_greensmower_id_251f973d" ON "mowing_greensmowing_mower" ("greensmower_id");
CREATE UNIQUE INDEX "mowing_roughmowing_mower_roughmowing_id_roughmower_id_df134bd5_uniq" ON "mowing_roughmowing_mower" ("roughmowing_id", "roughmower_id");
CREATE INDEX "mowing_roughmowing_mower_roughmowing_id_cae564bc" ON "mowing_roughmowing_mower" ("roughmowing_id");
CREATE INDEX "mowing_roughmowing_mower_roughmower_id_29b4f098" ON "mowing_roughmowing_mower" ("roughmower_id");
CREATE UNIQUE INDEX "mowing_roughmowing_rough_roughmowing_id_rough_id_762fd294_uniq" ON "mowing_roughmowing_rough" ("roughmowing_id", "rough_id");
CREATE INDEX "mowing_roughmowing_rough_roughmowing_id_d07b58a4" ON "mowing_roughmowing_rough" ("roughmowing_id");
CREATE INDEX "mowing_roughmowing_rough_rough_id_9c7b968f" ON "mowing_roughmowing_rough" ("rough_id");
CREATE UNIQUE INDEX "mowing_teemowing_mower_teemowing_id_teemower_id_4191282d_uniq" ON "mowing_teemowing_mower" ("teemowing_id", "teemower_id");
CREATE INDEX "mowing_teemowing_mower_teemowing_id_c383b043" ON "mowing_teemowing_mower" ("teemowing_id");
CREATE INDEX "mowing_teemowing_mower_teemower_id_7822cdf4" ON "mowing_teemowing_mower" ("teemower_id");
CREATE UNIQUE INDEX "mowing_teemowing_tee_teemowing_id_tee_id_b9b7b6b0_uniq" ON "mowing_teemowing_tee" ("teemowing_id", "tee_id");
CREATE INDEX "mowing_teemowing_tee_teemowing_id_f5b5351d" ON "mowing_teemowing_tee" ("teemowing_id");
CREATE INDEX "mowing_teemowing_tee_tee_id_37e7babd" ON "mowing_teemowing_tee" ("tee_id");
CREATE UNIQUE INDEX "rolling_fairwayrolling_fairway_fairwayrolling_id_fairway_id_4508ff6d_uniq" ON "rolling_fairwayrolling_fairway" ("fairwayrolling_id", "fairway_id");
CREATE INDEX "rolling_fairwayrolling_fairway_fairwayrolling_id_f0861fb1" ON "rolling_fairwayrolling_fairway" ("fairwayrolling_id");
CREATE INDEX "rolling_fairwayrolling_fairway_fairway_id_596f7bb5" ON "rolling_fairwayrolling_fairway" ("fairway_id");
CREATE UNIQUE INDEX "rolling_greensrolling_green_greensrolling_id_green_id_52740518_uniq" ON "rolling_greensrolling_green" ("greensrolling_id", "green_id");
CREATE INDEX "rolling_greensrolling_green_greensrolling_id_0862816a" ON "rolling_greensrolling_green" ("greensrolling_id");
CREATE INDEX "rolling_greensrolling_green_green_id_dd50b5a2" ON "rolling_greensrolling_green" ("green_id");
CREATE UNIQUE INDEX "rolling_teerolling_tee_teerolling_id_tee_id_3cd44be0_uniq" ON "rolling_teerolling_tee" ("teerolling_id", "tee_id");
CREATE INDEX "rolling_teerolling_tee_teerolling_id_06ff7dba" ON "rolling_teerolling_tee" ("teerolling_id");
CREATE INDEX "rolling_teerolling_tee_tee_id_755bd252" ON "rolling_teerolling_tee" ("tee_id");
CREATE UNIQUE INDEX "rolling_rolling_roller_rolling_id_roller_id_2cbab4e3_uniq" ON "rolling_rolling_roller" ("rolling_id", "roller_id");
CREATE INDEX "rolling_rolling_roller_rolling_id_535b70c5" ON "rolling_rolling_roller" ("rolling_id");
CREATE INDEX "rolling_rolling_roller_roller_id_b018b436" ON "rolling_rolling_roller" ("roller_id");
CREATE INDEX "django_session_expire_date_a5c62663" ON "django_session" ("expire_date");
CREATE INDEX "courses_bunker_bunker_location_id_f36b6329" ON "courses_bunker" ("bunker_location_id");
CREATE INDEX "courses_bunker_hole_id_f4c7d8d3" ON "courses_bunker" ("hole_id");
CREATE INDEX "courses_hole_course_id_140ed521" ON "courses_hole" ("course_id");
CREATE INDEX "courses_turffeature_soil_type_id_4bcd6d71" ON "courses_turffeature" ("soil_type_id");
CREATE INDEX "courses_turffeature_turf_cultivar_id_6db2300c" ON "courses_turffeature" ("turf_cultivar_id");
CREATE INDEX "courses_turffeature_turf_species_id_c9af72d2" ON "courses_turffeature" ("turf_species_id");
CREATE INDEX "fertilizing_fertilizing_fertilizer_id_5ce7b3fe" ON "fertilizing_fertilizing" ("fertilizer_id");
CREATE INDEX "irrigation_drain_hole_id_c34b5e61" ON "irrigation_drain" ("hole_id");
CREATE INDEX "irrigation_irrigationdig_drain_id_3df53949" ON "irrigation_irrigationdig" ("drain_id");
CREATE INDEX "irrigation_irrigationdig_quick_coupler_id_11fcb0e7" ON "irrigation_irrigationdig" ("quick_coupler_id");
CREATE INDEX "irrigation_irrigationdig_sprinkler_id_013b9d73" ON "irrigation_irrigationdig" ("sprinkler_id");
CREATE INDEX "irrigation_quickcoupler_fairway_id_8f112be6" ON "irrigation_quickcoupler" ("fairway_id");
CREATE INDEX "irrigation_quickcoupler_green_id_b02e96eb" ON "irrigation_quickcoupler" ("green_id");
CREATE INDEX "irrigation_quickcoupler_rough_id_51e20a1b" ON "irrigation_quickcoupler" ("rough_id");
CREATE INDEX "irrigation_quickcoupler_tee_id_693e14e0" ON "irrigation_quickcoupler" ("tee_id");
CREATE INDEX "irrigation_shutoffvalve_fairway_id_c174fae0" ON "irrigation_shutoffvalve" ("fairway_id");
CREATE INDEX "irrigation_shutoffvalve_green_id_20e967d1" ON "irrigation_shutoffvalve" ("green_id");
CREATE INDEX "irrigation_shutoffvalve_rough_id_309ff167" ON "irrigation_shutoffvalve" ("rough_id");
CREATE INDEX "irrigation_shutoffvalve_tee_id_5bc657bf" ON "irrigation_shutoffvalve" ("tee_id");
CREATE INDEX "irrigation_sprinklerhead_fairway_id_8f31a230" ON "irrigation_sprinklerhead" ("fairway_id");
CREATE INDEX "irrigation_sprinklerhead_green_id_5d1f8208" ON "irrigation_sprinklerhead" ("green_id");
CREATE INDEX "irrigation_sprinklerhead_rough_id_5517022b" ON "irrigation_sprinklerhead" ("rough_id");
CREATE INDEX "irrigation_sprinklerhead_satellite_box_id_6b9aae26" ON "irrigation_sprinklerhead" ("satellite_box_id");
CREATE INDEX "irrigation_sprinklerhead_tee_id_a44c01c4" ON "irrigation_sprinklerhead" ("tee_id");
CREATE INDEX "irrigation_sprinklerhead_hole_id_7ef70582" ON "irrigation_sprinklerhead" ("hole_id");
CREATE INDEX "turfs_cultivar_species_id_83ef2ae4" ON "turfs_cultivar" ("species_id");
CREATE INDEX "turfs_turfgrassspecies_genus_id_7e389878" ON "turfs_turfgrassspecies" ("genus_id");
COMMIT;
